Date,G0M910,A0M001,A0M005,A0M008,A0M033,A0M029,U0M019,A0M106,U0M107,U0M129,U0M083,A0M125,G0M920,G0M930,A0M043,A0M044
Feb-59,28.3,40.2,294.1,47757,8350,1478,55.62,1783,-,1.54,95.2,-,27,27.1,6,2.1
Mar-59,28.7,40.3,286.2,50371,9955,1542,54.77,1788.2,-,1.53,95.8,-,27.2,27.3,5.9,1.9
Apr-59,29.1,40.4,259.7,51272,11248,1611,56.15,1796.3,-,1.19,96.4,-,27.4,27.3,5.6,1.8
May-59,29.2,40.5,246.1,50851,10205,1539,57.1,1798.3,-,1.16,96.9,-,27.7,27.4,5.2,1.5
Jun-59,29.5,40.7,248,49832,10695,1513,57.96,1810.4,-,1.41,97.5,-,27.9,27.6,5.1,1.4
Jul-59,29.6,40.6,259.4,49906,10892,1490,57.46,1817,-,0.95,97.2,-,27.9,27.7,5,1.4
Aug-59,29.7,40.3,265.5,49129,11050,1452,59.74,1820,-,0.93,96.9,-,27.9,27.9,5.1,1.3
Sep-59,29.6,40.4,293.5,47028,10177,1465,59.4,1824.7,-,0.93,96.7,-,27.5,28.3,5.2,1.3
Oct-59,29.6,40.4,273,46975,11050,1411,57.05,1821.8,-,0.92,96.4,-,27.5,28.5,5.5,1.3
Nov-59,29.5,40.1,313.1,46866,10677,1358,57,1816.1,-,0.55,96.1,-,27.5,28.7,5.7,1.3
Dec-59,29.3,39.9,353.6,45860,10037,1298,57.23,1818.7,-,0.53,95.8,-,27.6,28.7,5.8,1.4
Jan-60,29.9,40.3,277.2,49279,10844,1394,59.06,1820.8,-,0.7,98.7,-,28.2,28.7,5.3,1.3
Feb-60,29.9,40.6,282.6,48342,9969,1325,58.03,1824.3,-,0.73,101.7,-,28.4,28.6,5.2,1.3
Mar-60,29.9,40.3,272.6,47617,10289,1319,55.78,1823.6,-,0.52,104.6,-,28.4,28.7,4.8,1.2
Apr-60,29.8,40,305.3,46753,10127,1158,55.02,1828.1,-,0.41,102.6,-,28.3,28.9,5.4,1.4
May-60,29.9,40,296,47078,10562,1232,55.73,1826.3,-,0.36,100.6,-,28.4,29,5.2,1.3
Jun-60,29.9,40.1,318.1,46551,10563,1276,55.22,1829.3,-,0.5,98.6,-,28.3,29.2,5.1,1.1
Jul-60,30,39.9,323.8,46955,10479,1161,57.26,1837,-,0.83,98.2,-,28.2,29.4,5.4,1.2
Aug-60,30,39.9,337.7,46770,10127,1211,55.84,1844.7,-,0.67,97.9,-,28.1,29.5,5.5,1.3
Sep-60,30.1,39.7,366.1,48054,10109,1205,56.51,1858.5,-,0.82,97.5,-,28.1,29.5,5.6,1.3
Oct-60,30.1,39.4,353.8,47972,10089,1194,54.81,1866.5,-,1.2,96.1,-,28.1,29.4,5.5,1.4
Nov-60,30.2,39.7,375.7,47128,9820,1179,53.73,1871,-,1.42,94.8,-,28.1,29.4,6.1,1.7
Dec-60,30.1,39.3,387.6,46585,9497,1187,55.47,1873.1,-,1.49,93.4,-,27.9,29.5,6.1,1.7
Jan-61,30.1,38.4,383.9,45946,10438,1151,56.8,1881.8,-,1.86,93.9,-,27.7,29.6,6.6,1.6
Feb-61,30.4,39.3,396,44292,9960,1176,59.72,1891.7,-,2.39,94.4,-,27.7,29.7,6.6,1.9
Mar-61,30.5,39.4,432.6,44298,10022,1166,62.17,1904.3,-,1.24,94.9,-,27.6,29.7,6.9,2
Apr-61,30.9,39.5,381.5,47121,10031,1212,64.12,1916.3,-,1.72,96,-,27.8,29.5,6.9,2.1
May-61,31.2,39.5,383.8,47845,9933,1214,65.83,1927.1,-,2.29,97,-,27.9,29.4,7,2.3
Jun-61,31.5,39.7,360.5,48619,9676,1246,66.5,1939.9,-,1.73,98.1,-,28,29.3,7.1,2.4
Jul-61,31.9,40,336.2,49932,10233,1297,65.62,1951.6,-,2.15,98.2,-,28.3,29.2,6.9,2.3
Aug-61,32.1,40,350.9,48446,10707,1313,65.44,1955.2,-,2.75,98.4,-,28.3,29.1,7,2.6
Sep-61,32.6,40.1,318,51160,11210,1405,67.79,1965.6,-,2.04,98.5,-,28.5,29.1,6.6,2.3
Oct-61,32.6,39.5,331.8,50652,10583,1331,67.26,1974.7,-,2.1,97.9,-,28.6,29.2,6.7,2.2
Nov-61,33,40.3,306.4,50942,10695,1361,68,1984.4,-,1.66,97.4,-,28.8,29.3,6.5,2.1
Dec-61,33.5,40.7,306.8,53138,11056,1396,71.08,1998.1,-,1.33,96.8,-,29,29.2,6.1,2
Jan-62,33.7,40.4,298.5,54125,10487,1408,71.74,2010.2,-,1.73,99,-,29.1,29.4,6,1.9
Feb-62,33.8,40,302.9,53650,11099,1360,69.07,2018.4,-,1.93,101.2,-,29.1,29.6,5.8,1.8
Mar-62,34.2,40.4,297.4,53053,11855,1447,70.22,2028.4,-,1.67,103.4,-,29.3,29.6,5.5,1.8
Apr-62,34.3,40.6,289.3,52758,10585,1375,70.29,2043.6,-,1.08,101.1,-,29.4,29.7,5.6,1.7
May-62,34.5,40.6,285.2,51342,11593,1498,68.05,2055.6,-,1.06,98.8,-,29.6,29.8,5.6,1.6
Jun-62,34.5,40.6,302.8,52273,10949,1384,62.99,2066.2,-,1.51,96.5,-,29.6,29.9,5.5,1.6
Jul-62,34.4,40.5,306.2,51511,10782,1398,55.63,2075.6,-,1.23,95.5,-,29.6,30.1,5.5,1.5
Aug-62,34.7,40.5,305.2,52940,10869,1442,56.97,2085.7,-,1.3,94.4,-,29.7,30.2,5.4,1.5
Sep-62,34.8,40.5,307.3,53182,10847,1455,58.52,2094.5,-,1.05,93.4,-,29.7,30.3,5.7,1.5
Oct-62,34.9,40.5,302.4,53357,11102,1481,58,2096.7,-,1.08,95.3,-,29.8,30.3,5.6,1.5
Nov-62,35,40.3,306.5,54187,11278,1432,56.17,2112.5,-,1.03,97.3,-,29.9,30.4,5.4,1.4
Dec-62,35.4,40.5,301.3,54339,12102,1499,60.04,2126.2,-,0.98,99.2,-,30,30.5,5.7,1.5
Jan-63,35.6,40.3,312,53134,11432,1499,62.64,2144.4,-,0.93,99.4,-,30,30.6,5.5,1.5
Feb-63,35.9,40.5,311.9,54541,11629,1457,65.06,2153.8,-,0.91,99.7,-,30,30.6,5.7,1.6
Mar-63,36.2,40.5,303.1,56102,11944,1415,65.92,2167.4,-,0.92,99.9,-,30.2,30.6,5.9,1.6
Apr-63,36.5,40.5,289.6,56721,12123,1468,65.67,2185.6,-,0.95,98,-,30.3,30.7,5.7,1.5
May-63,36.8,40.5,295.5,58359,12149,1504,68.76,2201.1,-,1.07,96,-,30.4,30.8,5.7,1.5
Jun-63,37.1,40.5,289.7,57237,12668,1576,70.14,2214,-,0.93,94.1,-,30.5,30.9,5.9,1.6
Jul-63,37.2,40.7,285.7,56529,12059,1571,70.11,2222.7,-,1,95.1,-,30.6,31,5.6,1.5
Aug-63,37.5,40.6,283.9,58384,12169,1542,69.07,2234.1,-,1,96,-,30.7,31,5.6,1.5
Sep-63,37.6,40.6,291.9,55742,12594,1529,70.98,2245.8,-,0.51,97,-,30.7,31.3,5.4,1.6
Oct-63,37.9,40.6,287.2,56897,12768,1650,72.85,2260.2,-,0.6,97,-,30.8,31.3,5.5,1.5
Nov-63,38.2,40.7,284.4,58642,12811,1652,73.03,2269.3,-,0.61,97,-,31,31.4,5.5,1.5
Dec-63,38.4,40.7,278.3,58385,12447,1585,72.62,2284.8,-,0.64,97,-,31,31.7,5.7,1.5
Jan-64,38.6,40.6,303.4,59162,13017,1661,74.17,2291.2,-,0.75,97.8,-,31.1,31.7,5.5,1.4
Feb-64,38.8,40.1,285.3,60419,14204,1513,76.45,2298.1,-,0.69,98.6,-,31.3,31.7,5.6,1.5
Mar-64,39.1,40.7,271.8,59556,12671,1684,77.39,2308.8,-,0.67,99.4,-,31.4,31.8,5.4,1.4
Apr-64,39.3,40.6,279.1,59505,13552,1532,78.8,2320.2,-,0.79,98.7,-,31.5,31.9,5.4,1.4
May-64,39.6,40.7,266.8,61907,13354,1475,79.94,2329.4,-,0.76,97.9,-,31.7,32.1,5.3,1.3
Jun-64,39.9,40.8,264.4,61107,14722,1516,80.72,2343.7,-,0.7,97.2,-,31.8,32,5.1,1.3
Jul-64,40.2,40.8,258.4,61202,15149,1494,80.24,2357.1,-,0.67,97.8,-,31.9,32.1,5.2,1.4
Aug-64,40.5,40.8,261.4,63118,13911,1522,83.22,2371.5,-,0.77,98.5,-,32,32.1,4.9,1.4
Sep-64,40.8,40.9,245.8,61369,14066,1525,82,2388.8,-,0.69,99.1,-,32.2,32.3,5,1.3
Oct-64,41.1,40.9,247.3,64328,13996,1476,83.41,2405.2,-,0.75,99.8,-,32.4,32.4,5.1,1.3
Nov-64,41.2,40.7,251,61575,14336,1437,84.85,2416.5,-,0.83,100.4,-,32.2,32.6,5.1,1.2
Dec-64,41.5,41,264.1,62856,14503,1463,85.44,2429.8,-,0.63,101.1,-,32.5,32.6,4.8,1.3
Jan-65,41.8,41.2,252.9,65136,14807,1358,83.96,2441.8,-,0.33,101.7,-,32.8,32.6,5,1.2
Feb-65,42.2,41.3,244.7,65755,14699,1475,86.12,2455.2,-,0.29,102.4,-,33,32.9,4.9,1.1
Mar-65,42.4,41.3,249.9,65915,14407,1383,86.75,2470.9,-,0.23,103,-,33.1,33.1,5.1,1.2
Apr-65,42.8,41.3,239,66850,15602,1414,86.83,2483.7,-,0.17,103.2,-,33.3,33.2,4.7,1.1
May-65,43,41.2,239.2,66979,15382,1356,87.97,2492.4,-,0.11,103.4,-,33.5,33.4,4.8,1.1
Jun-65,43.2,41.3,225.2,66671,14969,1409,89.28,2496.6,-,0.11,103.7,-,33.6,33.6,4.6,1
Jul-65,43.4,41.2,226,67118,15487,1448,85.04,2506.4,-,0.17,103.9,-,33.7,33.6,4.6,1.1
Aug-65,43.6,41.2,232.4,68633,15782,1444,84.91,2520.5,-,0.11,104.1,-,33.9,33.7,4.4,0.9
Sep-65,43.8,41.1,249.7,68695,15366,1458,86.49,2536.4,-,0.13,104.3,-,34.1,33.8,4.4,1
Oct-65,44.1,41.1,219.9,65331,15880,1432,89.38,2556.3,-,0.28,105.3,-,34.2,33.9,4.3,1
Nov-65,44.6,41.2,210.3,67618,16348,1493,91.39,2573.1,-,0.27,106.3,-,34.5,34,4.2,0.9
Dec-65,45,41.3,214,69965,16620,1525,92.15,2586.3,-,0.35,107.3,-,34.7,34.2,4.1,0.9
Jan-66,45.4,41.3,208,71354,17779,1535,91.73,2596.7,-,0.3,104.9,-,34.9,34.3,4,0.9
Feb-66,45.6,41.5,223.4,70972,16871,1546,93.32,2609.6,-,0.19,102.4,-,35.1,34.4,4,0.8
Mar-66,45.8,41.7,220.1,71927,18361,1353,92.69,2613.3,-,0.23,100,-,35.2,34.6,3.8,0.8
Apr-66,46.3,41.6,183.2,74491,18101,1441,88.88,2621.6,-,0.22,98.7,-,35.5,34.7,3.8,0.8
May-66,46.5,41.8,179.9,72873,18589,1337,91.6,2624.3,-,0.08,97.3,-,35.6,35,3.8,0.8
Jun-66,46.2,41.5,193,72126,18632,1259,86.78,2625.5,-,-0.12,96,-,35.7,35.2,3.9,0.7
Jul-66,46.1,41.4,195.6,72517,18373,1116,86.06,2625.1,-,-0.36,94.2,-,35.9,35.4,3.8,0.6
Aug-66,46,41.2,200.3,71177,19219,1089,85.84,2618.4,-,-0.28,92.5,-,36,35.7,3.8,0.6
Sep-66,45.9,41.4,196,71194,17874,1024,80.65,2617.8,-,-0.31,90.7,-,36.1,35.8,3.8,0.6
Oct-66,45.8,41.2,198.9,72451,18736,905,77.81,2625.1,-,-0.22,90.5,-,36.2,35.8,3.7,0.6
Nov-66,45.7,41.3,204,72651,18310,862,77.13,2619.8,-,-0.52,90.4,-,36.4,35.8,3.7,0.6
Dec-66,45.7,41.2,209.7,71019,17513,859,80.99,2624.7,-,-0.6,90.2,-,36.4,36.1,3.6,0.6
Jan-67,45.6,40.9,220.9,70588,17600,867,81.33,2635.3,-,-0.56,92.3,-,36.5,36.1,3.8,0.6
Feb-67,45.9,41.1,208.7,70239,14977,1125,84.45,2642.7,-,-0.36,94.3,-,36.7,36.3,3.9,0.6
Mar-67,45.7,40.4,252,69829,15797,1025,87.36,2658.8,-,-0.37,96.4,-,36.6,36.4,3.8,0.6
Apr-67,45.9,40.5,247.6,69332,15946,1078,89.42,2682.6,-,0.01,95.7,-,36.6,36.5,3.8,0.6
May-67,46,40.4,263.6,70075,16067,1171,90.96,2691.3,-,0.54,95,-,36.7,36.5,3.8,0.6
Jun-67,46.4,40.4,234.7,70511,16364,1215,92.59,2714,-,0.91,94.3,-,36.7,36.5,3.8,0.5
Jul-67,46.8,40.4,221.7,71085,16854,1321,91.43,2731.4,-,1.04,94.7,-,36.8,36.8,3.9,0.5
Aug-67,47,40.5,232.1,70789,17151,1330,93.01,2745.5,-,1.37,95.1,-,36.8,36.8,3.8,0.5
Sep-67,47.5,40.6,211.6,73839,17468,1389,94.49,2761.2,-,1.38,95.5,-,37.1,36.7,3.8,0.6
Oct-67,47.7,40.6,215.3,71469,16636,1445,95.81,2773.9,-,1.31,94,-,37.1,36.7,3.8,0.6
Nov-67,47.8,40.6,216.6,70647,16704,1446,95.66,2785.1,-,1.6,92.6,-,37.1,36.8,4,0.6
Dec-67,48.1,40.6,199.4,72934,16914,1465,92.66,2791.9,-,1.62,91.1,-,37.5,36.8,3.9,0.6
Jan-68,48.6,40.7,214.7,76771,17739,1486,95.3,2806.7,-,1.19,92.2,-,37.8,36.9,3.8,0.6
Feb-68,48.7,40.4,215.5,75461,22097,1332,95.04,2807.7,-,0.93,93.2,-,37.7,36.9,3.7,0.6
Mar-68,48.9,40.8,196.8,74396,18960,1516,90.75,2812.2,-,0.85,94.3,-,37.9,37.1,3.8,0.6
Apr-68,49,40.8,196.1,74255,19099,1547,89.09,2817.7,-,0.69,92.8,-,38,37.2,3.7,0.6
May-68,49.1,40.3,198.8,74138,19681,1454,95.67,2822.1,-,-0.12,91.4,-,38.1,37.3,3.5,0.5
Jun-68,49.4,40.9,195.9,75590,19114,1465,97.87,2828.6,-,-0.24,89.9,-,38.3,37.5,3.5,0.5
Jul-68,49.6,40.9,191.8,76154,19545,1469,100.53,2838.9,-,-0.35,89.8,-,38.5,37.6,3.7,0.5
Aug-68,49.7,40.8,195.8,75365,21306,1519,100.3,2846,-,-0.52,89.7,-,38.6,37.6,3.7,0.5
Sep-68,49.6,40.7,197.2,72319,20259,1533,98.11,2854,-,-0.61,89.6,-,38.6,37.9,3.5,0.5
Oct-68,50.1,40.9,190.1,78238,19198,1655,101.34,2865.9,-,-0.32,90.3,-,38.8,37.9,3.4,0.5
Nov-68,50.5,41,184.4,79179,22237,1606,103.76,2873.9,-,-0.33,90.9,-,39,37.9,3.4,0.5
Dec-68,50.5,40.9,183.8,79456,19149,1622,105.4,2889,-,-0.12,91.6,-,39.2,38.1,3.4,0.5
Jan-69,50.5,40.7,199.4,78301,19664,1571,106.48,2905.5,-,0.01,93.7,-,39.3,38.3,3.4,0.4
Feb-69,50.7,40.8,194.2,78599,19724,1649,102.04,2907,-,-0.26,95.9,-,39.4,38.4,3.4,0.4
Mar-69,50.8,40.4,194.7,78529,22475,1689,101.46,2913,-,-0.42,98,-,39.5,38.5,3.4,0.4
Apr-69,51,40.8,185.3,78391,22196,1624,99.3,2911.9,-,-0.49,95.7,-,39.7,38.8,3.4,0.4
May-69,51.2,41,182.3,78386,26322,1627,101.26,2905.8,-,-1.24,93.4,-,39.8,38.9,3.4,0.5
Jun-69,50.9,40.7,181.6,78340,22387,1502,104.62,2898.2,-,-2.35,91.1,-,39.9,39.2,3.4,0.5
Jul-69,50.7,40.7,191.1,78388,21854,1525,99.14,2894.1,-,-2.33,89.6,-,40,39.3,3.5,0.5
Aug-69,50.4,40.6,200.3,79137,21869,1444,94.71,2886.5,-,-1.89,88.1,-,40.1,39.4,3.5,0.5
Sep-69,50.3,40.6,198.6,78862,21033,1489,94.18,2881.5,-,-2.5,86.6,-,40.3,39.6,3.5,0.5
Oct-69,50.4,40.6,194,80282,25281,1427,94.51,2879.4,-,-1.99,84.3,-,40.4,39.6,3.7,0.5
Nov-69,50,40.5,199.5,80146,21658,1374,95.52,2876,-,-1.9,81.9,-,40.5,39.7,3.7,0.5
Dec-69,49.8,40.5,206.8,77052,22345,1346,96.21,2873.6,-,-1.71,79.6,-,40.4,39.7,3.5,0.5
Jan-70,49.5,40.6,219.5,77027,22177,1306,91.11,2872.7,-,-1.32,78.3,-,40.4,39.9,3.5,0.5
Feb-70,49,40.4,250.9,74090,21449,1200,90.31,2870.6,-,-1.19,77.1,-,40.2,40.1,3.9,0.5
Mar-70,48.6,40.2,258.3,73359,21824,1263,87.16,2843.4,-,-1.74,75.8,-,40.3,40.1,4.2,0.6
Apr-70,48.3,40.1,267.5,73025,18864,1279,88.65,2841,-,-0.69,74.3,-,40.3,40.2,4.4,0.6
May-70,47.8,39.8,340.3,72255,19498,1383,85.95,2832.1,-,-0.71,72.7,-,40.2,40.2,4.6,0.7
Jun-70,47.8,39.8,304.2,73045,19793,1502,76.06,2838,-,-0.03,71.2,-,40.2,40.1,4.8,0.7
Jul-70,47.8,39.8,296.5,74686,18849,1494,75.59,2848.4,-,0.24,72.7,-,40.2,40.2,4.9,0.8
Aug-70,48,40,281.8,73435,19754,1497,75.72,2856.5,-,0.25,74.2,-,40.2,40,5,0.8
Sep-70,48.1,39.8,291,73388,19045,1576,77.92,2876.6,-,0.92,75.7,-,40.2,40.2,5.1,0.9
Oct-70,48,39.6,324.5,73113,18858,1611,82.58,2893.7,-,1.1,74.2,-,40.1,40.1,5.4,0.9
Nov-70,47.9,39.5,329.1,69095,18129,1768,84.37,2903.8,-,1.13,72.8,-,39.8,40.1,5.5,0.9
Dec-70,47.9,39.5,324.8,68937,18925,1697,84.28,2914.6,-,1.24,71.3,-,39.6,40,5.9,1
Jan-71,48.6,39.5,304.1,74541,20166,1996,90.05,2926.9,-,1.49,72.8,-,40.1,39.7,6.1,1.3
Feb-71,48.8,39.9,297.5,75916,17595,1857,93.49,2950.6,-,2.1,74.4,-,40.3,39.7,5.9,1.3
Mar-71,49.3,39.7,283.5,76219,20402,1794,97.11,2979.6,-,2.39,75.9,-,40.3,39.6,5.9,1.3
Apr-71,49.7,39.8,293.3,76316,20013,1988,99.6,3011,-,1.99,75.9,-,40.3,39.5,6,1.3
May-71,49.9,39.9,284.4,74762,18211,1973,103.04,3038.4,-,1.68,75.9,-,40.4,39.4,5.9,1.4
Jun-71,50.3,40,292.2,74714,19504,2229,101.64,3064,-,1.76,75.9,-,40.6,39.4,5.9,1.4
Jul-71,50.4,39.9,290,74512,19917,2151,99.72,3079.4,-,1.61,76.7,-,40.7,39.2,5.9,1.4
Aug-71,50.6,40,296.8,75123,18020,2338,99,3100.2,-,1.42,77.6,-,40.6,39.5,6,1.5
Sep-71,50.7,39.8,324.7,76969,20386,2265,97.24,3118,-,1.02,78.4,-,40.7,39.7,6.1,1.5
Oct-71,50.9,39.7,304.4,76005,18454,2255,99.4,3145.2,-,0.59,78,-,40.9,39.7,6,1.5
Nov-71,51.2,39.9,296.7,76204,19903,2289,97.29,3167.1,-,0.73,77.6,-,41,39.6,5.8,1.5
Dec-71,51.4,40,286.6,77913,19363,2349,92.78,3188.7,-,0.9,77.2,-,41.2,39.6,6,1.5
Jan-72,52,40.2,267.6,80120,19379,2410,99.17,3201.9,-,1.79,81.8,-,41.5,39.6,6,1.5
Feb-72,52.5,40.2,268.9,80955,20061,2487,103.3,3222,-,2.45,86.3,-,41.8,39.2,5.8,1.5
Mar-72,53.1,40.4,263.4,82138,22048,2410,105.24,3245.1,-,2.79,90.9,-,41.9,39.2,5.7,1.5
Apr-72,53.5,40.4,262.3,81710,22129,2339,107.69,3275.3,-,2.24,88,-,42.2,39.3,5.8,1.4
May-72,53.8,40.5,263.7,82278,22160,2377,108.81,3292.2,-,2.02,85.1,-,42.4,39.5,5.7,1.4
Jun-72,54,40.5,267,82708,21881,2297,107.65,3306.8,-,1.86,82.2,-,42.6,39.6,5.7,1.3
Jul-72,54.4,40.6,293.9,84215,23041,2425,108.01,3330.1,-,1.65,85.2,-,42.7,39.7,5.7,1.3
Aug-72,54.8,40.5,283.6,81913,23652,2438,107.21,3361.7,-,1.56,88.3,-,42.7,39.9,5.6,1.3
Sep-72,55.5,40.6,255,86413,22297,2514,111.01,3392.5,-,1.41,91.3,-,43.2,39.8,5.6,1.3
Oct-72,56.1,40.6,255.2,88767,24699,2658,109.39,3419.6,-,1.68,90.1,-,43.4,39.8,5.5,1.3
Nov-72,56.6,40.7,250.4,88820,24100,2616,109.56,3453.4,-,1.44,89,-,43.8,39.8,5.6,1.3
Dec-72,57.1,40.7,243.1,90852,24797,2483,115.05,3473.8,-,1.22,87.8,-,44.2,39.9,5.3,1.2
Jan-73,57.8,40.6,246.3,93478,26885,2688,117.5,3499.4,-,1.03,83,-,44.4,39.9,5.2,1.1
Feb-73,58.1,40.4,228.3,95559,25730,2523,118.42,3523.7,-,0.52,78.1,-,44.6,40.3,4.9,1.1
Mar-73,58.3,40.9,220.5,97268,25115,2473,114.16,3521.7,-,0.06,73.3,-,44.9,40.6,5,1
Apr-73,58.2,40.9,227.2,97279,27013,2291,112.42,3502.1,-,-0.38,71.3,-,44.9,40.9,4.9,1
May-73,57.9,40.8,238.5,93995,29180,2120,110.27,3494.9,-,-0.45,69.3,-,45,41.2,5,0.9
Jun-73,57.9,40.7,235.5,94552,27555,2145,107.22,3508,-,-0.99,67.3,-,45.1,41.4,4.9,0.9
Jul-73,57.8,40.7,240,93551,27528,2278,104.75,3515.4,-,-1.59,65.9,-,45.2,41.8,4.9,0.9
Aug-73,57.4,40.7,242.3,92742,28240,2021,105.83,3516.2,-,-3.27,64.4,-,45.4,42,4.8,0.8
Sep-73,56.9,40.6,254.1,92154,27451,2010,103.8,3485.7,-,-3.1,63,-,45.3,42.4,4.8,0.9
Oct-73,56.7,40.7,247.4,91554,27733,1894,105.61,3473.9,-,-3.69,64.4,-,45.5,42.5,4.8,0.9
Nov-73,56.5,40.6,241.3,93090,30282,1569,109.84,3468.1,-,-3.22,65.7,-,45.8,42.5,4.6,0.9
Dec-73,56.2,40.6,255.7,94632,30713,1557,102.03,3465.6,-,-3.3,67.1,-,46.1,42.7,4.8,0.9
Jan-74,55.6,40.6,290.5,92252,30501,1431,94.78,3464,-,-3.21,61.2,-,46,42.9,4.9,0.8
Feb-74,55.2,40.5,313.3,93790,29992,1478,96.11,3447.9,-,-2.66,55.3,-,45.9,43.2,5.1,0.9
Mar-74,54.9,40.4,317.9,93230,31464,1511,93.45,3426.1,-,-2.01,49.4,-,45.8,43.2,5.2,0.9
Apr-74,54.7,40.4,313.7,91883,32348,1600,97.44,3409.9,-,-2.14,54.2,-,45.8,43.3,5.1,0.9
May-74,54,39.5,292.4,92021,30733,1393,92.46,3396.9,-,-3,59.1,-,45.7,43.6,5.1,1
Jun-74,53.7,40.3,294.9,94707,29568,1264,89.67,3370.3,-,-3.73,63.9,-,45.8,44,5.1,1
Jul-74,53.1,40.2,311.9,93345,29393,1207,89.79,3354.2,-,-4.39,61.8,-,45.8,44.2,5.4,1
Aug-74,52.6,40.1,309,91513,33308,1113,82.82,3343.3,-,-5.11,59.7,-,45.8,44.5,5.5,1
Sep-74,51.7,40.2,342.4,90217,30260,1019,76.03,3318.8,-,-3.97,57.6,-,45.7,44.8,5.5,1
Oct-74,50.7,40,360.2,87440,28593,933,68.12,3298.8,-,-3.3,55.5,-,45.6,45,5.9,1.1
Nov-74,50,40,404.7,85637,25411,915,69.44,3295.3,-,-2.16,53.3,-,45.5,45.1,6,1.2
Dec-74,49.2,39.5,470.2,82205,24280,870,71.74,3290.1,-,-1.77,51.2,-,45.1,45.2,6.6,1.2
Jan-75,48.4,39.3,523.7,76125,23520,965,67.07,3277,-,-1.1,50.8,-,44.5,45.4,7.2,1.4
Feb-75,48,39.2,560.6,74985,24861,807,72.56,3272.1,-,0.37,50.4,-,44.2,45.1,8.1,1.7
Mar-75,47.8,38.9,541,74527,22106,810,80.1,3282.3,-,1.15,50,-,43.9,44.8,8.1,2
Apr-75,47.7,38.8,546.3,72104,20610,788,83.78,3310.3,-,2.19,56.6,-,43.6,44.6,8.6,2.2
May-75,48.3,39,516.4,74829,22998,962,84.72,3335,-,2.74,63.2,-,43.6,44.1,8.8,2.6
Jun-75,48.6,39,496.3,75369,21002,1016,90.1,3367.3,-,2.84,69.8,-,43.6,43.8,9,2.8
Jul-75,48.9,39.2,495,76419,20684,1051,92.4,3399.7,-,2.31,70.1,-,43.7,42.9,8.8,3
Aug-75,49.4,39.4,449,79897,21477,1133,92.49,3413.1,-,1.96,70.4,-,43.9,42.9,8.6,3.1
Sep-75,49.6,39.7,451.1,81435,22060,1105,85.71,3426.3,-,2.26,70.7,-,44.2,42.7,8.4,3
Oct-75,49.8,39.8,444.9,81707,20971,1182,84.67,3438.5,-,2.19,70.4,-,44.3,42.7,8.4,3.1
Nov-75,50.2,39.9,417.6,82254,21420,1217,88.57,3440.3,-,2.32,70.2,-,44.5,42.7,8.4,2.9
Dec-75,50.4,39.9,396.8,81716,21028,1233,90.07,3449.6,-,2.83,69.9,-,44.6,42.7,8.3,3
Jan-76,50.7,40.2,373.9,82495,20091,1212,88.7,3462.4,-,2.8,73.7,-,44.8,42.7,8.2,3
Feb-76,51.4,40.3,373.1,84600,21310,1328,96.86,3484.5,-,2.87,77.4,-,45.2,42.7,7.9,2.9
Mar-76,52.1,40.4,348,86316,22960,1323,100.64,3526.4,-,3.02,81.2,-,45.5,42.7,7.7,2.7
Apr-76,52.4,40.2,360.2,88156,21553,1293,101.08,3554,-,2.89,80.6,-,45.6,42.7,7.6,2.6
May-76,52.6,39.6,371.3,87467,23879,1258,101.93,3582.5,-,2.74,80.1,-,45.8,42.7,7.7,2.3
Jun-76,53,40.3,392.7,88295,22755,1327,101.16,3603.5,-,2.61,79.5,-,45.9,42.7,7.4,2.2
Jul-76,53.2,40.2,396.3,88185,22782,1320,101.77,3606.2,-,2.38,81.5,-,46,42.6,7.6,2.4
Aug-76,53.7,40.3,389.8,88283,26255,1383,104.2,3617,-,2.52,83.5,-,46.1,42.7,7.8,2.4
Sep-76,53.8,40.2,388.1,88658,23552,1455,103.29,3638.2,-,2.48,85.5,-,46.3,42.7,7.8,2.5
Oct-76,54.2,40.2,403.3,88573,23754,1646,105.45,3657.7,-,2.34,85.6,-,46.4,42.8,7.6,2.4
Nov-76,54.3,40,408.7,87237,24245,1583,101.89,3685.1,-,2.39,85.8,-,46.3,43,7.7,2.4
Dec-76,54.8,40.1,389.3,90684,23640,1701,101.19,3711.5,-,2.34,85.9,-,46.7,43,7.8,2.4
Jan-77,55.3,39.9,368,93296,25328,1679,104.66,3735.5,-,2.22,85.3,-,47,43,7.8,2.4
Feb-77,55.3,39.4,407.1,93885,24929,1607,103.81,3756.6,-,2.6,84.8,-,47,43.1,7.5,2.3
Mar-77,55.7,40.2,450.3,95070,24483,1734,100.96,3767.1,-,2.71,84.2,-,47.3,43.2,7.6,2.2
Apr-77,56.4,40.3,356.9,98752,24810,1844,100.57,3783,-,2.77,84,-,47.6,43.2,7.4,2.1
May-77,56.6,40.4,371.3,96065,25253,1844,99.05,3796.2,-,2.64,83.8,-,47.8,43.4,7.2,2
Jun-77,56.9,40.5,379.6,97170,25511,1853,98.76,3806.7,-,2.11,83.6,-,48,43.5,7,2
Jul-77,57.3,40.5,357.4,98021,25983,1946,99.29,3813.1,-,1.89,82.9,-,48.3,43.7,7.2,1.9
Aug-77,57.4,40.4,364.1,97757,25732,1874,100.18,3821.1,-,1.91,82.2,-,48.5,43.8,6.9,1.9
Sep-77,57.6,40.4,366.7,98581,26017,1978,97.75,3835.3,-,1.5,81.5,-,48.6,44,7,1.8
Oct-77,57.7,40.4,361.5,98567,27151,1860,96.23,3849.4,-,1.2,79.6,-,48.9,44.2,6.8,1.9
Nov-77,57.8,40.6,361.5,98146,26786,1953,93.74,3855.6,-,1.05,77.8,-,49.1,44.3,6.8,1.8
Dec-77,58,40.5,353,100027,26754,1969,94.28,3859.1,-,1.07,75.9,-,49.3,44.5,6.8,1.8
Jan-78,58.1,40.4,357.4,100986,27328,1949,93.82,3864.6,-,1.13,75.8,-,49.5,44.4,6.4,1.7
Feb-78,57.7,39.5,350.6,96181,25825,1812,90.25,3870.4,-,1.26,75.7,0.7082,49.3,44.8,6.4,1.6
Mar-78,58.1,39.9,381.5,98691,28257,1808,88.98,3869.9,-,1.25,77.2,0.6454,49.6,45,6.3,1.6
Apr-78,58.5,40.5,342.9,100134,28216,1873,88.82,3865,-,1.25,69.5,0.2133,50,45.1,6.3,1.5
May-78,59.3,40.4,323.7,105240,29708,2028,92.71,3860.4,-,1.26,71.1,0.497,50.7,45.1,6.1,1.5
Jun-78,59.5,40.4,326.3,103885,31215,1839,97.41,3862.7,-,0.99,73,0.0454,50.8,45.4,6,1.4
Jul-78,59.7,40.6,333.3,104355,29524,2065,97.66,3861,-,0.86,68.1,0.1469,51.1,45.7,5.9,1.3
Aug-78,59.6,40.6,350.6,102529,29497,1860,97.19,3856.3,-,0.83,72,0.0067,51.1,45.9,6.2,1.3
Sep-78,60,40.5,335.3,103700,30707,1761,103.92,3864.2,-,0.37,67,-0.2707,51.4,46.1,5.9,1.2
Oct-78,60.2,40.5,324.3,102822,31103,1824,103.86,3875.4,-,-0.03,69.8,-0.1757,51.4,46.4,6,1.3
Nov-78,60.3,40.5,327.8,104120,32335,1855,100.58,3865.8,-,-0.32,71.7,0.1564,51.7,46.5,5.8,1.3
Dec-78,59.9,40.6,344.9,104720,29735,1869,94.71,3863.3,-,-0.95,62.8,-1.0395,51.9,46.9,5.9,1.2
Jan-79,60,40.5,349.7,105855,29872,1894,96.11,3864.8,-,-1.02,53.8,-1.2344,52.2,47,6,1.2
Feb-79,59.6,40.4,357.2,104735,30599,1521,99.71,3851.6,-,-0.97,58.4,-1.2185,52.1,47.2,5.9,1.2
Mar-79,59.5,40.5,359.8,102776,31801,1553,98.23,3848.4,-,-0.96,62.2,-0.7913,52.3,47.5,5.9,1.2
Apr-79,60,40.6,358.6,105987,37002,1791,100.11,3846.3,-,-0.97,53.7,-1.6186,52.6,47.3,5.8,1.3
May-79,58.9,39.3,415.2,102119,30634,1663,102.07,3845.9,-,-0.83,53.3,-1.4946,52.3,47.9,5.8,1.2
Jun-79,59.3,40.2,343.3,104010,31651,1754,99.73,3828.4,-,-0.99,54.9,-1.551,52.5,48,5.6,1.2
Jul-79,58.9,40.2,365,103656,30495,1708,101.73,3831.7,-,-1.38,51.4,-1.8675,52.6,48.4,5.7,1.1
Aug-79,58.5,40.2,379.1,101209,30079,1598,102.71,3834.1,-,-1.52,44.2,-2.494,52.6,48.6,5.7,1.1
Sep-79,58.2,40.1,387.3,98672,30542,1657,107.36,3836.3,-,-1.91,49.3,-2.4122,52.6,48.9,6,1.1
Oct-79,58,40.1,384.8,99100,30490,1705,108.6,3822.5,-,-2.1,53.6,-1.9911,52.6,49.3,5.9,1.1
Nov-79,57.3,40.2,401.7,97690,32229,1542,104.47,3808,-,-3.47,49.5,-1.8726,52.7,49.7,6,1.2
Dec-79,56.7,40.1,417.9,96622,31444,1329,103.66,3796,-,-2.53,52,-1.8884,52.7,49.9,5.9,1.2
Jan-80,56.2,40.1,430.8,96359,29842,1306,107.78,3784.3,-,-3.39,51.5,-1.8227,52.8,50,6,1.2
Feb-80,56.1,40,416.6,96598,32650,1333,110.87,3768.1,-,-3.02,54.1,-1.8225,52.9,50.3,6.3,1.3
Mar-80,55.9,40.1,419,98304,31073,1249,115.34,3757.5,-,-1.72,54.9,-1.7636,52.8,50.4,6.3,1.3
Apr-80,54.6,39.9,439.5,93417,30340,1029,104.69,3724.9,-,-4.44,44.3,-2.2333,52.6,51.2,6.3,1.4
May-80,52.8,39.8,556.3,87793,25858,842,102.97,3711.4,-,-6.14,44.4,-2.9881,52.3,51.7,6.9,1.6
Jun-80,52.1,39.3,626.4,83655,26046,896,107.69,3707.5,-,-0.8,45.3,-2.9074,51.8,51.3,7.5,1.6
Jul-80,52.4,39.2,606.2,84122,27345,1165,114.55,3725.5,-,0.31,53,-2.266,51.6,50.8,7.6,1.6
Aug-80,52.8,39.1,556.6,86328,30422,1311,119.83,3736.3,-,1.22,53.4,-1.7407,51.6,49.8,7.8,1.9
Sep-80,53.2,39.5,517.4,88308,28151,1424,123.5,3743.6,-,1.49,59.6,-1.1269,51.7,49.3,7.7,2
Oct-80,53.7,39.6,482,92850,29319,1545,126.51,3739.1,-,0.64,67.9,-0.3653,52.1,48.8,7.5,2.2
Nov-80,54,39.8,426.5,96522,29358,1423,130.22,3734.7,-,-1.06,69.6,-0.2769,52.5,48.7,7.5,2.1
Dec-80,54.1,39.9,410.6,95311,27715,1440,135.65,3730.3,-,-3.17,76.9,0.1311,52.8,48.9,7.5,2.2
Jan-81,53.8,40.1,409.6,96020,31038,1300,133.48,3715.5,-,-6.06,60.4,-0.7914,52.9,49.4,7.2,2.2
Feb-81,53.1,40.1,413.7,90881,30388,1272,132.97,3696.6,-,-6.51,67.9,-0.7551,52.9,49.7,7.5,2.2
Mar-81,52.8,39.8,428.3,94469,29056,1249,128.4,3686.4,-,-2.74,62.1,-1.2308,52.9,49.8,7.4,2.2
Apr-81,52.9,40,407.2,94230,29578,1232,133.19,3701.4,-,-1.58,62.1,-0.7854,52.9,49.8,7.4,2.1
May-81,53.2,40.1,408.8,95435,31785,1239,134.43,3736.2,-,-2.04,68.8,-0.3217,52.9,49.8,7.2,2
Jun-81,52.8,40.2,416.8,95807,28231,1221,131.73,3730.6,-,-4.42,73.6,-0.0385,52.9,50.5,7.5,2
Jul-81,52.4,40,432.4,95842,30089,1017,132.28,3729.4,-,-5.63,71.2,-0.1323,53.1,50.6,7.5,2.1
Aug-81,52,39.9,434.5,94831,28671,974,129.13,3732.8,-,-4.76,67.1,-0.2784,53.3,50.8,7.2,2
Sep-81,51.8,40,443.5,91856,28930,926,129.63,3737,-,-2.88,70.8,-0.0287,53.3,50.9,7.4,2.1
Oct-81,51.1,39.6,476.9,90219,27356,882,118.27,3740.2,-,-0.55,69,-0.6326,53.2,51.3,7.6,2.1
Nov-81,50.7,39.6,493.3,87707,26678,762,119.8,3757.7,-,0.07,62.2,-0.9609,53,51.2,7.9,2.1
Dec-81,50.5,39.4,511.3,85923,27613,779,122.92,3768.8,-,0.08,56.3,-1.4214,52.8,51.1,8.3,2.1
Jan-82,50.4,39.2,534.8,84940,25365,829,123.79,3799.1,-,1.35,56.8,-1.2873,52.5,50.9,8.5,2.2
Feb-82,49.8,37.3,545.2,84736,26024,827,117.28,3808.7,-,1.37,62.9,-1.0233,52.2,51,8.6,2.2
Mar-82,50.1,39.6,533.7,85586,26434,842,114.5,3806.1,-,-0.35,58.7,-1.4218,52.5,50.6,8.9,2.5
Apr-82,49.8,39.1,556.5,87129,25336,928,110.84,3822,-,-0.82,53.1,-1.6955,52.4,50.4,9,2.7
May-82,49.8,39.1,586.7,86345,25537,925,116.31,3857.3,-,-1.07,61.1,-1.1042,52.3,50.6,9.3,2.8
Jun-82,49.6,39.1,585.8,87035,22684,992,116.35,3859,-,-0.83,62,-0.977,52.3,50.5,9.4,3
Jul-82,49.2,39.2,596.9,86422,22063,951,109.7,3853.6,-,0.15,60.1,-1.2025,52,50.6,9.6,3.1
Aug-82,49.3,39.2,569.7,86892,22582,1088,109.38,3842.4,-,1.36,57.6,-1.0181,51.8,50.5,9.8,3.2
Sep-82,48.9,39,629.6,84966,21356,964,109.65,3859.2,-,2.94,60.9,-1.0865,51.7,50.4,9.8,3.3
Oct-82,49.3,39,671.7,85981,22143,1086,122.43,3876,-,2.03,66.9,-0.5913,51.6,50.3,10.1,3.5
Nov-82,49.5,38.9,641.8,82255,23626,1197,132.66,3877.8,-,1.2,70.4,-0.7881,51.4,50,10.4,3.8
Dec-82,49.7,39,594.4,82324,21716,1280,138.1,3895.2,-,1.35,71,-0.5784,51.3,49.6,10.8,4
Jan-83,50.1,39,517.9,82444,20990,1407,139.37,3935.2,-,1.59,67.9,-0.5725,51.3,49,10.8,4.2
Feb-83,51,39.3,492.8,86836,21375,1485,144.27,4026.8,-,1.78,65.2,-0.4707,51.6,48.8,10.4,4.2
Mar-83,51.5,39.3,488.7,87798,21297,1532,146.8,4096.8,-,2.21,71.2,0.1148,51.6,48.8,10.4,4.2
Apr-83,52.2,39.6,479.3,87688,23424,1536,151.88,4129.2,-,1.74,80.9,1.0517,51.8,48.7,10.3,4.2
May-83,52.7,39.7,497,89345,23261,1630,157.71,4137.7,-,1.6,86.9,1.2847,52,48.7,10.2,3.9
Jun-83,53.4,40,468.1,91798,23233,1738,164.1,4155.5,-,1.75,93.4,1.7689,52.3,48.5,10.1,4.1
Jul-83,54.1,40.1,435.1,94270,23975,1842,166.39,4161.2,-,1.87,89.2,1.6023,52.6,48.7,10.1,4
Aug-83,54.6,40.3,404.3,95320,23287,1869,166.96,4160.6,-,2.01,90.5,1.5336,52.9,48.8,9.4,3.9
Sep-83,54.9,40.3,435.9,96511,23998,1784,162.42,4161.3,-,2.29,88.2,1.4218,52.9,49,9.5,3.6
Oct-83,55.5,40.6,409.1,97289,26853,1651,167.16,4165.2,-,2.2,85.8,1.2443,53.6,49,9.2,3.4
Nov-83,56.3,40.6,399.5,100248,27144,1787,167.65,4190.1,-,2.06,86.1,1.2319,53.9,49.1,8.8,3.3
Dec-83,56.6,40.6,385.1,101101,24947,1737,165.23,4210.3,-,2.35,87.9,1.3791,54.2,49.3,8.5,3.1
Jan-84,57.2,40.5,369.8,102336,25301,1694,164.36,4230.2,-,2.36,91,1.7327,54.6,49.5,8.3,3
Feb-84,57.9,40.6,350.9,103216,27101,1867,166.39,4241.1,-,2.11,97,2.0051,54.9,49.6,8,2.9
Mar-84,58.5,41.1,340.5,103087,27093,2043,157.25,4252.2,-,2.25,93.2,1.4328,55.2,50.1,7.8,2.7
Apr-84,58.6,40.7,345.5,101612,27663,1773,157.44,4271.6,-,2.41,97.7,1.5416,55.4,50.5,7.8,2.6
May-84,58.9,40.8,369.4,101939,26603,1826,157.6,4287.8,-,2.34,91.4,1.5092,55.7,50.8,7.7,2.5
Jun-84,59.3,40.7,357.7,101458,29482,1790,156.55,4306.6,-,3.09,90.6,1.2163,55.9,51.2,7.4,2.5
Jul-84,59.4,40.6,362.9,100098,28006,1865,153.12,4320.4,-,2.5,89.8,1.1385,56.2,51.5,7.2,2.3
Aug-84,59.6,40.6,360.3,102840,28513,1650,151.08,4321.3,-,2.13,91.9,1.0118,56.3,52,7.5,2.3
Sep-84,59.6,40.5,390.1,102226,27797,1573,164.42,4321.4,-,1.08,93.7,1.0992,56.5,52.3,7.5,2.3
Oct-84,59.6,40.5,398,98559,27116,1566,166.11,4342.6,-,1.22,96.4,1.0695,56.7,52.5,7.3,2.2
Nov-84,59.8,40.5,419.3,100013,28053,1532,164.82,4360.4,-,2.17,91.6,1.0296,56.7,52.7,7.4,2.2
Dec-84,60.2,40.4,401.3,100292,28124,1689,166.27,4397.7,-,2.14,91.5,0.9971,57,52.7,7.2,2.1
Jan-85,60.5,40.5,381.7,101309,27299,1672,164.48,4433.4,-,3.12,87.9,0.7913,57.1,52.7,7.3,2.1
Feb-85,60.9,40.3,374.9,102063,27136,1706,171.61,4461.1,-,3.03,90.3,1.0022,57.2,52.9,7.3,2
Mar-85,61.2,40.1,388.7,100406,31874,1709,180.88,4481.7,-,3.01,86.5,1.0014,57.3,53,7.2,2.1
Apr-85,61.4,40.4,382.6,100830,29525,1775,179.42,4487.2,-,3.28,87.3,0.7747,57.5,53.1,7.2,2.1
May-85,61.5,40.5,398.2,100646,26704,1711,180.62,4498.2,-,3.16,87,0.9652,57.5,54.1,7.3,2.1
Jun-85,61.7,40.4,393.5,102150,27515,1757,184.9,4514.1,-,2.88,84.2,0.716,57.7,54.4,7.2,2
Jul-85,62.1,40.5,392.4,101413,27961,1764,188.89,4545.4,-,2.63,91.1,0.9934,57.7,54.5,7.4,2
Aug-85,62.3,40.4,378.1,101558,27406,1745,192.54,4566,-,2.43,87.4,0.9284,57.7,54.7,7.4,2
Sep-85,62.5,40.6,403.6,102641,27398,1859,188.31,4578.2,-,2.43,86.3,0.7653,58,54.8,7.1,2
Oct-85,62.7,40.6,408.2,102726,28407,1970,184.06,4593.6,-,2.45,84.2,0.4787,58.1,54.8,7.1,1.9
Nov-85,62.8,40.7,404.2,102887,28011,1792,186.18,4607.7,-,2.25,80.8,0.2588,58.1,55.2,7.1,2
Dec-85,63,40.7,392.3,102786,28174,1739,197.45,4612.5,-,1.73,84.5,0.5241,58.3,55.2,7,1.9
Jan-86,63.3,40.9,385.1,102716,26728,1844,207.26,4623.6,-,0.99,88.1,0.7473,58.5,55.5,7,1.9
Feb-86,63.5,40.7,367.1,105369,26829,1899,208.19,4620.9,-,1.05,85.3,0.6621,58.6,55.5,6.7,1.8
Mar-86,63.7,40.7,372,104225,28528,1816,219.37,4640.8,-,0.84,87.8,0.7232,58.6,55.6,7.2,2
Apr-86,63.8,40.7,382.9,101526,25945,1830,232.33,4688.4,-,0.3,86.9,0.7246,58.7,55.9,7.2,1.9
May-86,64.1,40.5,388.7,104533,25725,1910,237.98,4743.9,-,0.31,88.5,0.8698,59,55.7,7.1,1.8
Jun-86,64.4,40.7,384.6,102448,24990,1847,238.46,4785.2,-,0.86,87.5,0.8807,59,55.8,7.2,1.9
Jul-86,64.8,40.7,370.6,104634,27489,1840,245.3,4804.7,-,0.88,90.3,1.0091,59,55.9,7.2,2
Aug-86,64.8,40.6,373.1,103200,25652,1830,240.18,4843.4,-,0.74,88.5,0.7472,59.2,55.9,7,1.9
Sep-86,65,40.7,405.1,104328,26072,1774,245,4873.8,-,1,85.9,0.4807,59.3,55.9,6.9,1.9
Oct-86,65.2,40.7,395.5,106395,26535,1733,238.27,4897.1,-,1.56,81.3,0.2819,59.6,55.6,7,2
Nov-86,65.2,40.6,376.6,105404,25094,1722,237.36,4924.2,-,1.58,87.1,0.2564,59.6,56.1,7,1.8
Dec-86,65.5,40.7,363.1,104000,25397,1690,245.09,4940.8,-,1.21,81.6,0.455,59.7,56.1,6.9,1.9
Jan-87,65.9,40.8,358.4,107929,25719,1956,248.61,4983,-,0.2,78.3,0.0846,60,55.9,6.6,1.8
Feb-87,65.9,40.8,351.4,104818,25846,1737,264.51,4988.7,-,0.65,80.9,0.1567,59.8,56.2,6.6,1.8
Mar-87,66.3,41.2,348.7,110223,26266,1736,280.93,4977.8,-,1.15,81.6,0.4004,60.3,55.9,6.6,1.8
Apr-87,66.5,41,333.3,110365,25205,1752,292.47,4975.9,-,1.12,83.3,0.5378,60.5,55.9,6.6,1.7
May-87,66.5,40.8,336.2,109115,26586,1646,289.32,4982.6,-,1.65,84.7,0.6638,60.6,56.1,6.3,1.8
Jun-87,66.8,41,331.1,108920,26520,1542,289.12,4979.3,-,1.76,80.6,0.6556,60.8,56.3,6.3,1.8
Jul-87,67.1,40.9,322,110323,28618,1565,301.38,4963.6,-,1.67,80.8,0.3875,60.9,56.5,6.2,1.7
Aug-87,67.4,41,324.8,111271,28079,1558,310.09,4960,-,1.87,83.3,0.7229,61.2,56.5,6.1,1.6
Sep-87,67.6,40.9,320.2,108883,26629,1553,329.36,4956.8,-,2.03,85.8,0.9614,61.4,56.6,6,1.6
Oct-87,67.9,40.8,305.8,110932,28192,1556,318.66,4960.2,-,2.2,84.2,0.9768,61.6,56.8,5.9,1.6
Nov-87,68.2,41.1,299.9,111334,28323,1488,280.16,4971.6,-,2.23,80.4,0.5648,61.9,57,6,1.5
Dec-87,67.9,41,306.9,111389,27939,1498,245.01,4969.3,-,2.17,72.7,-0.2568,62.1,57.1,5.8,1.5
Jan-88,68,41,317.7,111231,28646,1383,240.96,4973.3,-,2.22,76.7,0.1891,62.4,57,5.7,1.5
Feb-88,68.1,41.1,340.5,109336,30287,1279,250.48,4991,-,1.84,80.9,0.4741,62.4,57.3,5.7,1.4
Mar-88,68.6,41.1,318.9,111436,29630,1478,258.13,5023.9,-,1.63,81.9,0.4919,62.7,57.3,5.7,1.4
Apr-88,69,40.9,306,112149,30155,1568,265.74,5042,-,1.79,85.2,0.653,63,57.5,5.7,1.4
May-88,69.1,41,313.2,111652,29567,1469,262.61,5052.3,-,1.85,82.4,0.8651,63.1,57.7,5.4,1.3
Jun-88,69.4,41,314.1,112790,29579,1484,256.12,5064.2,-,2,87.3,1.1735,63.2,57.9,5.6,1.4
Jul-88,69.8,41.1,307,113871,28862,1527,270.68,5064.1,-,1.41,85.7,0.886,63.5,58.2,5.4,1.3
Aug-88,69.8,41.1,325.9,112694,30491,1479,269.05,5054.7,-,1.31,82.3,0.2881,63.6,58.2,5.4,1.3
Sep-88,69.9,40.9,314.9,112095,31895,1501,263.73,5048,-,1.25,88.8,0.93,63.7,58.5,5.6,1.3
Oct-88,70.1,41,300.9,113462,30937,1476,267.97,5031.8,-,0.79,89.5,0.5482,63.8,58.5,5.4,1.3
Nov-88,70.4,41.1,291.4,113413,29581,1558,277.4,5029.7,-,0.5,87,1.0239,64.1,58.6,5.4,1.3
Dec-88,70.5,41.1,293.5,114164,29491,1550,271.02,5043.3,-,0.61,86.3,0.6459,64.3,58.8,5.3,1.2
Jan-89,70.7,40.9,291.9,118132,29054,1543,276.51,5041.1,-,0.35,85.5,0.7303,64.6,58.9,5.3,1.2
Feb-89,70.8,41.1,289.9,117042,30422,1507,285.41,5021.2,-,-0.03,89.9,0.7872,64.8,59.1,5.4,1.2
Mar-89,70.8,41.2,313.1,115768,30644,1422,294.01,5005.4,-,-0.19,88.8,0.9663,64.8,59.5,5.2,1.1
Apr-89,70.4,41.1,321.3,112820,29538,1248,292.71,4999.3,-,-0.49,87.6,0.6731,64.9,59.9,5,1.1
May-89,70.5,41.1,308.7,115029,29537,1415,302.25,4976.7,-,-0.66,83.2,0.3769,65,59.7,5.2,1.1
Jun-89,70.3,41,324.3,112887,29504,1420,313.93,4967.8,-,-0.95,80.1,0.4153,64.8,60.2,5.2,1.1
Jul-89,70.2,40.9,338.7,113102,32452,1359,323.73,4983.8,-,-1.25,82,0.5551,64.9,60.5,5.3,1
Aug-89,69.9,40.9,339.7,109141,27602,1319,331.93,5012.2,-,-1.22,85.5,0.6915,64.8,60.7,5.2,1.2
Sep-89,70.1,40.9,332.3,112727,27840,1371,346.61,5047.7,-,-0.88,80.3,0.4058,65.1,60.5,5.2,1
Oct-89,70.1,40.8,337.7,113129,29682,1351,347.33,5066.1,-,-0.83,88.6,0.8194,65.1,60.5,5.3,1.1
Nov-89,69.9,40.8,363.4,110723,26989,1403,347.4,5081.7,-,-0.83,87.2,0.7744,65.2,60.7,5.3,1.1
Dec-89,70,40.7,339.4,112632,28627,1382,340.22,5101.8,-,-0.68,84.3,0.499,65.3,60.7,5.4,1.1
Jan-90,70,40.5,357.9,112936,29766,1462,348.57,5118.3,-,-0.61,85.5,0.536,65.5,60.9,5.4,1.1
Feb-90,69.8,40.5,360.8,108998,29748,1797,339.97,5102.8,-,-0.02,83.4,0.3803,65.5,60.7,5.4,1.1
Mar-90,69.7,40.6,354,113094,29769,1366,330.45,5100.3,-,0.23,81.3,0.0633,65.8,60.7,5.3,1.1
Apr-90,69.7,40.6,343.9,115394,29139,1281,338.47,5098.6,-,0.31,81.3,0.3201,66,60.8,5.2,1.1
May-90,69.5,40.5,361.6,113067,29035,1168,338.18,5106.3,-,0.53,83.9,0.2765,66,60.9,5.4,1.1
Jun-90,69.5,40.6,358.8,115053,28937,1097,350.25,5093.3,1.639205178,0.58,79.3,0.2948,66.1,60.9,5.4,1.1
Jul-90,69.5,40.7,360.9,114782,28694,1139,360.39,5091.6,1.192783432,0.19,76.6,-0.0035,66.1,61.1,5.2,1.1
Aug-90,69.1,40.6,367,113494,29821,1108,360.03,5096.1,0.995536837,0.32,77.3,-0.1805,66.1,61.2,5.5,1.2
Sep-90,68.1,40.5,389.8,115321,27776,1099,330.75,5089.9,2.704042761,0.62,62.9,-1.503,66.1,61.2,5.7,1.3
Oct-90,67.3,40.5,394.7,112430,29033,1003,315.41,5078.5,2.961283051,0.69,58.8,-1.6746,65.9,61.4,5.9,1.3
Nov-90,66.4,40.4,425.4,112585,29571,951,307.12,5056.9,3.595526709,0.61,50.9,-2.4129,65.6,61.5,5.9,1.3
Dec-90,65.2,40.2,452.1,109064,26762,967,315.29,5055.6,3.213109406,0.58,52.8,-2.5247,65.3,61.6,6.2,1.5
Jan-91,64.5,40.3,456.2,105553,28053,885,328.75,5065.1,2.674476165,0.77,53.7,-2.3333,65.2,61.5,6.3,1.4
Feb-91,63.7,40.2,456.8,106712,27657,808,325.49,5070.5,3.160967458,1.18,55.2,-2.3261,65,61.7,6.4,1.5
Mar-91,63.5,40.1,485.5,106367,26908,877,362.26,5093.8,0.806867902,1.6,62,-1.8355,64.8,61.4,6.6,1.6
Apr-91,63.2,40,501.3,103339,24993,937,372.28,5119.5,0.383662857,1.99,84.5,0.6211,64.7,61.4,6.8,1.7
May-91,63.8,40.1,467.1,108996,26052,942,379.68,5126.5,0.108487623,2.13,74.7,0.369,64.8,61,6.7,1.7
Jun-91,64.3,40.2,442.1,111151,26677,1019,377.99,5121.5,0.461181552,2.29,71.5,-0.0488,65,60.8,6.9,1.8
Jul-91,64.3,40.5,427.7,108790,24855,991,378.29,5126.5,0.435771995,2.38,75.9,0.4995,65.1,60.5,6.9,2
Aug-91,65,40.5,418.6,113831,27081,1000,380.23,5124.8,0.797549457,2.45,74.4,0.3525,65.2,60.3,6.8,1.9
Sep-91,65.1,40.6,430.1,112853,26138,970,389.4,5111.3,-0.410982007,2.24,75.3,0.2329,65.2,60.2,6.9,2
Oct-91,65.5,40.6,424.6,114123,27417,1001,387.2,5093.6,-0.086910336,2.2,76.4,0.1936,65.3,60,6.9,2
Nov-91,65.5,40.6,428.4,113530,26160,1019,386.88,5091.9,0.659023945,2.32,70.5,-0.4533,65.3,60,7,2.1
Dec-91,65.4,40.7,445,113634,26215,1012,385.92,5089,0.168713236,2.61,61.9,-1.2645,65.3,60,7,2.1
Jan-92,65.2,40.7,456.6,110231,25471,1091,388.51,5086.4,0.087015526,2.66,61.5,-1.131,65.2,59.9,7.3,2.3
Feb-92,65.7,40.6,441,111472,27832,1107,416.08,5093,-0.260155187,3,59.1,-1.472,65.4,59.4,7.3,2.4
Mar-92,65.9,40.7,442.7,112128,26389,1178,412.56,5108.4,-0.945962454,3.28,61.8,-1.489,65.5,59.3,7.4,2.5
Apr-92,66.5,40.7,429.5,117485,27417,1112,407.36,5101.9,-0.794944249,3.56,70.3,-0.4325,65.7,59.2,7.4,2.5
May-92,67,40.9,422.9,118747,27901,1084,407.41,5081.8,-0.414061952,3.75,70.5,0.0002,65.9,59.1,7.4,2.4
Jun-92,67.5,40.9,414,119132,28536,1086,414.81,5073.5,-1.234084667,3.57,71.2,0.2637,66,59,7.6,2.7
Jul-92,67.8,40.8,419,120876,28423,1087,408.27,5056.7,-0.906512754,3.5,70.7,0.1269,66.1,58.8,7.8,2.9
Aug-92,68,40.8,446.8,120270,28373,1119,415.05,5040.8,-0.852657752,3.59,67.6,-0.5288,66.3,58.7,7.7,2.8
Sep-92,68.4,40.8,403,119016,27922,1105,417.93,5041.4,-0.819780723,3.29,69.5,-0.5765,66.3,58.9,7.6,2.8
Oct-92,68.6,40.7,412.5,119087,29080,1145,418.48,5050.2,-0.496287837,3.2,67.4,-0.8419,66.3,58.9,7.6,2.7
Nov-92,68.7,40.8,372.7,117942,28271,1164,412.5,5052.3,0.922690043,3.49,67.5,-0.9067,66.4,58.9,7.3,2.7
Dec-92,69.3,40.9,362,119835,28925,1149,422.84,5046.4,0.053523695,3.78,78.2,-0.0466,66.6,59.2,7.4,2.6
Jan-93,70.3,40.9,336.4,121138,29496,1209,435.64,5035,-0.479692973,3.85,89.5,1.0483,67.3,59.1,7.4,2.8
Feb-93,70.6,41.1,346.9,120933,28406,1210,435.23,5014.5,-0.964379469,3.58,83.4,0.6526,67,59,7.3,2.6
Mar-93,71,41.1,338.4,121795,28280,1180,441.7,5000.2,-1.331452773,3.23,80.6,0.0686,67.2,59.1,7.1,2.5
Apr-93,71,40.8,351,122153,28186,1086,450.16,4985.9,-1.365419937,2.91,75.8,-0.302,67.1,59.3,7,2.4
May-93,71.5,41.4,349.2,120441,28779,1135,443.08,4972.1,-0.980027543,3.01,76.4,-0.2368,67.4,59.6,7.1,2.3
Jun-93,71.6,41,343.8,122071,28864,1143,445.25,4994,-0.702630235,3.04,68.5,-0.7473,67.4,59.7,7.1,2.4
Jul-93,71.8,40.9,340.4,123468,29276,1162,448.06,5000.2,-0.988180064,2.92,70.4,-0.7112,67.5,59.4,7,2.4
Aug-93,71.9,41.1,355.1,119897,29593,1207,447.29,4991.7,-1.185904055,2.75,64.7,-0.9082,67.7,60.1,6.9,2.4
Sep-93,72.4,41.1,341,120352,29870,1264,454.13,4988.6,-2.16028201,2.65,65.8,-1.0742,67.8,60.2,6.8,2.3
Oct-93,72.8,41.3,338.5,122787,29846,1286,459.24,4992.8,-1.588348573,2.27,66.8,-0.9054,67.9,60.4,6.7,2.4
Nov-93,73.1,41.3,354,124743,30766,1323,463.9,4983.6,-1.332881003,2.34,72.5,-0.7576,68.1,60.2,6.8,2.3
Dec-93,73.5,41.3,340.9,123931,30485,1395,462.89,4993.5,-1.126820797,2.7,70.3,-0.5701,68.3,60.2,6.6,2.3
Jan-94,74.5,41.4,324,125645,32701,1502,465.95,4998.6,-1.019027919,2.81,78.8,0.4022,69,60.4,6.5,2.3
Feb-94,74.4,41.4,363.7,126880,29948,1390,472.99,4997.6,-1.535781424,2.7,86.4,0.7704,68.8,60.4,6.6,2.3
Mar-94,74.6,40.9,348.5,127695,31357,1269,471.58,4987.2,-1.569906859,2.72,83.5,0.3937,69,60.4,6.6,2.4
Apr-94,75.7,41.7,334.1,129810,30941,1342,463.81,4979.8,-0.76971063,3.14,85.1,0.605,69.4,60.4,6.5,2.3
May-94,76.2,41.8,344.5,130308,32156,1392,447.23,4975.6,-0.016057338,3.41,82.6,0.5581,69.7,60.7,6.4,2.2
Jun-94,76.5,41.8,358.9,131370,31953,1396,450.9,4981.9,-0.149828359,3.17,84.2,0.6211,69.9,61,6.1,2.2
Jul-94,77.2,41.8,337.2,131231,33176,1357,454.83,4953.7,-0.477404653,2.85,82.7,0.5211,70.1,61.1,6.1,2.1
Aug-94,77.5,41.8,344.4,131628,32750,1335,451.4,4950.5,-0.858052902,3.04,78.5,0.2019,70.2,61.6,6.1,2.2
Sep-94,78.1,41.7,336.2,132572,32991,1377,464.24,4935.6,-1.177167971,2.77,80.8,0.2448,70.6,61.8,6,2.1
Oct-94,78.6,41.6,328,132343,32993,1412,466.96,4930.7,-0.680182975,2.73,83.5,0.233,70.8,62.1,5.9,2.1
Nov-94,79.1,41.8,334.1,133209,34196,1397,463.81,4919.8,0.057393496,2.98,85.1,0.3082,71.1,62.2,5.8,2.2
Dec-94,79.3,41.8,326.9,132839,34158,1340,461.01,4914.5,0.510633999,2.67,84.8,0.61,71.4,62.6,5.6,2
Jan-95,79.8,41.8,323.1,136117,34237,1396,455.19,4910.2,0.786114431,2.36,88.8,0.7759,71.7,62.9,5.5,1.9
Feb-95,80,41.8,333.3,135222,34895,1282,465.25,4908.8,-0.575720075,2.25,88.4,0.7675,71.9,63.3,5.6,1.8
Mar-95,79.9,41.7,341.2,134433,34021,1254,481.92,4896.6,-0.332712771,1.55,85.9,0.3173,72,63.7,5.4,1.8
Apr-95,79.9,41.5,339.3,133007,33918,1226,493.15,4889.2,-1.305899014,1.22,79.8,0.1874,72.1,64,5.4,1.7
May-95,79.8,41,353.8,132936,34344,1259,507.91,4887.7,-1.496903959,1.01,83.8,0.508,72.1,64.4,5.8,1.9
Jun-95,79.8,41.1,370.2,131133,35459,1271,523.81,4915.1,-0.834642126,0.62,80.1,0.2442,72.2,64.7,5.6,2
Jul-95,79.8,41.2,364.6,130886,35117,1305,539.35,4944.7,-1.119264509,0.17,84.1,0.1769,72.4,65.1,5.6,1.7
Aug-95,79.8,41.1,375.7,131312,33573,1354,557.37,4964.2,-1.002757064,0.43,87.4,0.3845,72.4,65.3,5.7,1.7
Sep-95,80.2,41.2,357.1,133128,34673,1386,559.11,4983.5,-1.277635833,0.75,86.1,0.5061,72.8,65.3,5.7,1.8
Oct-95,80.5,41.2,363.7,133379,36134,1421,578.77,4998.3,-1.391459839,0.4,78.8,0.1643,73,65.6,5.6,1.7
Nov-95,80.3,41.2,371.4,133530,36543,1400,582.92,5001,-0.236369703,0.28,80.8,0.2709,73.1,65.7,5.5,1.7
Dec-95,80.3,41.3,375.3,132436,36086,1430,595.53,5010.2,-1.094460216,0.13,79.7,0.3359,73.3,65.8,5.6,1.8
Jan-96,80.4,40.9,363,135277,37117,1442,614.57,5013.8,-0.452893213,0.11,83.7,0.3091,73.4,65.9,5.6,1.8
Feb-96,78.9,39.7,373.9,131466,34733,1387,614.42,5028,-0.143169148,0.09,78.7,-0.1954,73.3,66.2,5.6,1.8
Mar-96,79.8,41.3,375.9,127477,35614,1420,649.54,5039.3,-1.522275548,0.59,77.8,0.0817,73.8,66.1,5.5,1.7
Apr-96,80,41.1,391.2,133555,36046,1437,647.07,5058.7,-1.009758274,0.96,86.2,0.4849,73.9,66.1,5.5,1.8
May-96,80.4,41.2,359.2,135376,34806,1463,647.17,5058.3,-0.908963601,1.29,83,0.5273,74.2,66.2,5.6,1.8
Jun-96,81.1,41.4,345,137039,36518,1457,661.23,5065.8,-1.571083956,1.5,79.2,0.2403,74.5,66.3,5.6,1.8
Jul-96,81.6,41.5,342.8,139234,37251,1429,668.5,5083.4,-0.956911173,1.64,84,0.3471,74.8,66.4,5.3,1.8
Aug-96,81.5,41.4,336.7,139373,36884,1450,644.07,5092.7,0.286770003,1.47,86.5,0.5107,74.9,66.7,5.5,1.7
Sep-96,81.7,41.5,333.4,138271,36638,1413,662.68,5097.3,-0.855695229,1.42,87.3,0.6682,75.1,66.7,5.1,1.7
Oct-96,81.9,41.6,342.7,139841,36000,1392,674.88,5095.7,-0.974491993,1.53,90.1,0.6956,75.3,66.8,5.2,1.7
Nov-96,82.2,41.4,338.7,138595,37947,1358,701.45,5103.9,-0.437223867,1.29,89.9,0.703,75.5,66.9,5.2,1.7
Dec-96,82.7,41.5,336.8,139713,38080,1412,735.67,5120.6,-1.005889295,0.89,93.9,0.7287,75.8,67.1,5.4,1.6
Jan-97,82.8,41.7,353.5,137270,36680,1411,743.25,5142.2,-0.924316215,1.01,91.8,0.9293,76,67.3,5.4,1.6
Feb-97,83.3,41.4,335.7,139746,37461,1382,766.22,5154.7,-1.189111717,1.33,91.3,1.0633,76.2,67.4,5.3,1.6
Mar-97,84.4,41.6,317.7,142696,39167,1445,798.39,5159.6,-1.506567913,1.23,94.9,0.9435,76.7,67.2,5.2,1.6
Apr-97,84.8,41.8,318.9,142137,39102,1436,792.16,5174.3,-1.133461899,1.3,93.6,1.0686,77,67.4,5.2,1.6
May-97,84.9,41.8,331.5,144516,39743,1421,763.93,5190.7,-0.085095226,1.38,92.5,0.997,77.1,67.6,5.1,1.6
Jun-97,85.5,41.7,319.3,142749,39019,1414,833.09,5209,-0.700401681,1.21,96.6,1.3893,77.4,67.8,4.9,1.6
Jul-97,86,41.6,325.6,144057,40471,1402,876.29,5224.7,-0.875864763,0.93,98.9,1.4108,77.7,67.8,5,1.5
Aug-97,87,41.6,313.8,145766,42669,1440,925.29,5245.7,-0.933413082,0.7,102.6,1.4029,78.1,67.5,4.9,1.6
Sep-97,87.2,41.7,332.8,145315,42136,1449,927.74,5286.4,-1.153683126,0.76,100.3,1.4567,78.3,67.7,4.8,1.5
Oct-97,87.9,41.7,315.4,146633,43519,1494,937.02,5294.7,-0.776968437,0.67,100.7,1.4232,78.7,67.9,4.9,1.5
Nov-97,88.1,41.8,310.7,146329,41726,1499,951.16,5313.3,-0.070933121,0.53,102.8,1.4749,78.9,68,4.7,1.4
Dec-97,88.3,41.8,315.1,149357,42066,1469,938.92,5343,0.339717572,0.36,102.3,1.4731,79.4,68.3,4.6,1.3
Jan-98,88.6,42,313.1,147417,42412,1456,962.37,5368.5,0.184210023,0.31,96.1,1.582,79.6,68.4,4.7,1.4
Feb-98,88.6,41.9,323.4,145874,41257,1555,963.36,5396.9,-0.367376601,-0.02,102.2,1.4332,79.9,68.5,4.6,1.3
Mar-98,89.5,41.7,319.1,150047,43110,1647,1023.74,5443.3,-1.333715684,0.06,104.2,1.6916,80.3,68.7,4.6,1.3
Apr-98,89.6,41.6,314.9,148823,41852,1605,1076.83,5476.5,-0.924107348,0.16,101.9,1.6061,80.5,69.1,4.7,1.3
May-98,89.5,41.2,309.1,147158,40632,1547,1112.2,5504.1,-0.092162956,0.19,104.3,1.8586,80.7,69.3,4.3,1.1
Jun-98,90,41.5,313,149379,42631,1554,1108.42,5528.3,-0.036979446,0.16,101.7,1.6118,81,69.4,4.4,1.1
Jul-98,89.4,41.4,338,142675,42955,1551,1108.39,5559.4,0.250404105,-0.06,99.3,1.5973,81.1,69.8,4.5,1.2
Aug-98,89.6,41.4,324.1,142263,41215,1610,1156.58,5571.9,-0.039152678,-0.08,100,1.4522,81.1,70.1,4.5,1.1
Sep-98,89.7,41.4,309,147038,41994,1654,1074.63,5597.4,1.553113347,-0.21,98.3,1.2123,81.6,70.3,4.5,1.2
Oct-98,89.2,41.3,301.4,147250,43823,1577,1020.64,5652.3,2.608740916,-0.7,93.9,0.4713,81.8,70.4,4.6,1.2
Nov-98,88.7,41.4,312.8,148701,40930,1719,1032.47,5693,3.71380565,-0.54,87.5,0.0305,82.1,70.4,4.5,1.1
Dec-98,88.9,41.4,315.9,150333,42238,1672,1144.43,5743.9,1.254638472,0,94.3,0.8217,82.3,70.4,4.4,1.1
Jan-99,89.2,41.5,317.2,150205,44231,1742,1190.05,5776.3,1.478223326,-0.03,91.9,0.729,82.6,70.5,4.4,1.1
Feb-99,89,41.3,324.9,152069,41541,1732,1248.77,5802,-0.098632902,0.09,95.7,1.0164,82.7,70.9,4.3,1.1
Mar-99,89.6,41.4,301.2,153728,42539,1720,1246.58,5833.5,0.07481195,0.24,103.6,1.2434,83.1,71,4.4,1.1
Apr-99,89.6,41.3,302.7,151583,43355,1665,1281.66,5837.9,0.076451876,0.42,99,1.076,83.2,71.3,4.2,1.1
May-99,89.6,41.3,304.7,151834,42795,1600,1334.76,5848.7,0.055731832,0.44,97.4,1.1498,83.3,71.6,4.3,1.1
Jun-99,90.1,41.4,303,152185,43438,1640,1332.07,5877.7,-0.040841743,0.8,97.6,1.3335,83.7,71.7,4.2,1.1
Jul-99,90.4,41.3,290,151277,42942,1702,1322.55,5905.1,0.678485411,1.14,99.8,1.4031,83.8,71.6,4.3,1.2
Aug-99,90.7,41.4,300.9,151401,45178,1682,1380.99,5925.1,0.645382277,0.8,99.2,1.2605,84,72.2,4.3,1.1
Sep-99,90.9,41.5,290.5,153503,44929,1671,1327.49,5937.3,1.32083771,0.87,98.4,1.0997,84.3,72.5,4.2,1
Oct-99,90.8,41.4,294.3,152432,46020,1551,1318.17,5937.4,1.162053865,0.7,101.5,1.2278,84.3,72.9,4.2,1
Nov-99,91.2,41.4,285.8,155799,44594,1649,1300.01,5958.8,1.792128091,0.91,97.1,0.9461,84.8,72.9,4.1,1
Dec-99,91.7,41.4,281.8,153010,44851,1672,1391,5978.3,0.153209752,0.61,101,1.325,85.2,73.3,4.1,1
Jan-00,92.5,41.4,278.3,154722,47428,1683,1428.68,5999.6,-0.089254363,0.98,101.1,1.5427,85.6,73.5,4,1
Feb-00,93,41.5,289.3,158103,46292,1727,1425.59,6019.2,-0.373001316,1.21,108.6,2.0837,85.9,73.6,4,1
Mar-00,92.4,41.5,293.9,150235,42297,1692,1388.87,6017,-0.086788487,0.79,107.8,1.7707,85.9,74.3,4.1,0.9
Apr-00,93.3,41.4,269.7,154893,45984,1651,1442.21,6031,0.199915267,0.41,101.7,1.0673,86.3,74.2,4,0.9
May-00,93.4,41.6,272.9,156205,46508,1597,1461.36,6108.6,1.697541366,-0.03,103.7,1.4191,86.7,74.4,3.8,0.9
Jun-00,92.4,41.2,282.1,150887,45932,1543,1418.48,6088.2,2.530721554,0.17,104.8,1.652,86.7,74.6,4,0.9
Jul-00,92.7,41.3,288.9,152463,49202,1572,1461.96,6091.1,2.318094569,-0.43,100.8,1.3048,86.9,75.2,4,0.9
Aug-00,92.2,41.5,298.7,151488,45742,1542,1473,6098.9,1.53661579,-0.49,104.5,1.3181,86.9,75.3,4,0.9
Sep-00,91.6,41,311.5,148693,46589,1552,1485.46,6135.6,1.206240898,-0.67,104,1.4651,87,75.7,4.1,1
Oct-00,91.9,41.1,300.2,154198,47906,1570,1468.05,6154.6,1.248892417,-0.72,103.4,1.4744,87.2,76,3.9,0.9
Nov-00,91,41.1,301.1,149652,45708,1577,1390.14,6166.2,2.198017605,-0.77,100.7,1.0777,87.1,76.5,3.9,0.9
Dec-00,90.3,41.1,336,148405,44885,1614,1375.04,6172,1.801671647,-0.79,101.6,0.8083,87.1,77,3.9,0.9
1-Jan,88.9,40.4,348,149614,44842,1543,1330.93,6220.6,2.970701227,-1.16,90.7,0.373,87.2,76.8,3.9,0.9
1-Feb,88.3,40.6,340.2,144508,43496,1699,1335.63,6256.4,1.796333324,-0.82,86.4,-0.5591,87.1,75.8,4.2,1
1-Mar,87.3,40.5,373.3,146370,43573,1656,1305.75,6295.9,1.544630849,-0.39,80.8,-1.0862,87.2,75.7,4.2,1
1-Apr,86,40.5,387.9,144711,41652,1659,1185.85,6368.3,2.516397751,-0.42,83.9,-0.4744,87.1,75.7,4.3,1.1
1-May,85.1,40.4,396.9,141163,39228,1666,1189.84,6437.3,1.94664069,0.34,82.2,-0.6919,86.7,75.9,4.4,1
1-Jun,85.4,40.4,401,145264,40515,1665,1270.37,6416,0.592080118,1.18,85.4,-0.3161,86.7,75.9,4.3,1
1-Jul,84.9,40.3,395,143382,39648,1626,1238.71,6454.7,1.165440448,1.31,86.9,0.1842,86.4,75.9,4.5,1.1
1-Aug,84.7,40.6,398.1,143077,38114,1598,1204.45,6494.4,1.012536249,1.47,88.4,0.1819,86.3,76,4.6,1.2
1-Sep,84.5,40.3,398.2,144058,38665,1615,1178.5,6537.3,0.947020236,1.32,85.2,0.0883,86.3,75.8,4.9,1.3
1-Oct,83,40.2,443,138798,36188,1565,1044.64,6698.6,1.952880709,1.66,73.5,-1.0519,86,76,5,1.4
1-Nov,82.4,40.1,480.8,139172,35704,1566,1076.59,6660.1,1.042073926,2.08,75.5,-1.0804,86,75.5,5.3,1.4
1-Dec,82.9,40.1,453.9,140424,36826,1651,1129.68,6718.8,0.447931236,2.56,76.6,-0.9078,85.8,75.4,5.5,1.6
2-Jan,83.5,40.2,404.9,141112,36741,1680,1144.93,6792.4,0.530622555,3.27,82.3,-0.1385,85.8,75.3,5.7,1.7
2-Feb,83.5,40.1,410.3,143103,34177,1665,1140.21,6812.8,0.391223411,3.31,91.3,0.5619,85.8,75.2,5.7,1.8
2-Mar,84.3,40.3,396.1,143292,36145,1787,1100.67,6838.3,0.301750471,3.17,87.2,0.2691,85.8,75.3,5.7,1.8
2-Apr,84.6,40.5,421,142664,33982,1691,1153.79,6834.3,-0.48718866,3.55,92.7,1.0742,85.8,75.3,5.7,1.9
2-May,85.3,40.6,429,146436,35868,1669,1112.03,6805,0.070211299,3.46,89.1,0.978,86,75,5.9,2
2-Jun,86,40.6,401.4,146778,36408,1716,1079.27,6832.3,0.067643553,3.41,92.7,1.0184,86.1,75,5.8,2
2-Jul,86.3,40.7,389.2,145867,35066,1758,1014.05,6854.9,0.188286509,3.18,87.9,0.8082,86.3,75,5.8,2.1
2-Aug,85.9,40.4,386.2,146566,35685,1738,903.59,6893.8,0.853457673,2.92,81,0.1002,86.1,75.4,5.8,2
2-Sep,86,40.5,395.2,145764,36851,1695,912.55,6933.4,0.218947091,2.52,80.6,0.1572,86.2,75.4,5.7,2
2-Oct,85.7,40.5,409.4,144102,34596,1803,867.81,6951.1,0.48270256,2.12,79.9,0.2507,86.1,75.3,5.7,2
2-Nov,85.6,40.3,407.5,145050,35277,1799,854.63,6993.1,0.359875048,2.19,73.1,-0.69,86.1,75.3,5.7,2.1
2-Dec,86.1,40.4,389.1,145269,35698,1771,909.93,7047.6,-0.111506521,2.71,78.5,-0.0694,86.3,75.2,5.9,2.1
3-Jan,86.1,40.5,414.4,140631,35118,1896,899.18,7067.6,-0.062490991,2.79,80.8,-0.0455,86.2,75.4,6,2.3
3-Feb,86.3,40.3,400,143802,35177,1808,895.84,7088.3,0.163399069,2.81,72.8,-0.6458,86.3,75.4,5.8,2.2
3-Mar,86,40.3,416.7,145503,35344,1854,837.62,7104.5,0.103680468,2.64,69.9,-1.3862,86.1,75.7,5.9,2.2
3-Apr,85.9,40.4,425.1,144471,37022,1757,846.62,7113.6,-0.615147762,2.56,69.6,-1.6199,86.1,75.9,5.9,2.2
3-May,85.6,40.1,438.7,140743,35370,1803,890.03,7173.1,-1.025946055,2.7,79.3,-0.3267,86.1,75.7,6,2.3
3-Jun,86.5,40.2,422.9,141936,36529,1835,935.96,7256.1,-1.971924047,2.31,91.4,0.6694,86.3,75.8,6.1,2.3
3-Jul,87.2,40.3,421.8,144881,35851,1875,988,7294,-1.971327964,2.11,86.4,0.5662,86.5,75.5,6.3,2.4
3-Aug,87.6,40.1,403.5,145815,35443,1885,992.54,7330.1,-0.841348407,2.97,83.7,0.1448,86.6,75.5,6.2,2.5
3-Sep,88.2,40.2,399.8,143950,36111,1966,989.53,7377,-0.199413707,3.42,82.5,0.4128,86.6,75.6,6.1,2.4
3-Oct,89.2,40.5,395.4,146945,37229,1961,1019.44,7321.3,-0.840387464,3.26,80.8,-0.0001,86.8,75.6,6.1,2.4
3-Nov,90.1,40.6,376.1,149611,36491,2012,1038.73,7310.8,-0.879857921,3.28,83,0.36,87,75.7,6,2.4
3-Dec,91.1,40.9,363,148841,37370,1918,1049.9,7308,-1.38827879,3.3,88.1,0.9855,87.3,75.5,5.8,2.3
4-Jan,91.9,40.7,358.5,145070,38117,1987,1080.64,7288.6,-1.388375912,3.29,89.8,1.223,87.3,75.7,5.7,2.3
4-Feb,92.8,40.9,361.2,144871,35799,1952,1132.52,7268.4,-2.049798251,3.15,100.1,1.4628,87.2,75.9,5.7,2.3
4-Mar,93.6,41,360.7,144069,36605,1966,1143.36,7297.9,-1.625791711,3.07,88.5,0.4972,87.4,75.7,5.6,2.2
4-Apr,94.9,40.9,342.2,149594,39170,2066,1123.98,7328.6,-1.363628424,2.83,88.8,0.4515,87.8,75.7,5.8,2.3
4-May,95.1,40.7,345.8,145927,37031,2070,1133.08,7364.2,-1.62525722,3.35,87.3,0.5454,87.9,75.8,5.6,2
4-Jun,96,41.1,339.4,146135,37167,2150,1102.63,7431.2,-0.346629908,3.72,81.6,0.3534,88.2,75.9,5.6,2.1
4-Jul,96.4,40.8,342.1,146347,37580,2020,1132.76,7412.5,-1.014470617,3.7,88.5,0.6843,88.2,76.3,5.6,2.1
4-Aug,96.8,40.8,347,143080,37977,2112,1105.85,7421.4,-0.990287263,3.24,91.2,0.9865,88.4,76.8,5.5,2
4-Sep,97.3,40.8,340.4,146431,36610,2056,1088.94,7448.1,-1.107950735,2.85,88.2,0.5314,88.6,77.1,5.4,1.9
4-Oct,98,40.7,339.6,143962,39569,2041,1117.66,7474.2,-1.3901073,2.52,88,0.5687,88.7,77.1,5.4,2
4-Nov,98.2,40.6,333.8,144687,37832,2097,1118.07,7475.5,-0.70054849,2.34,83.8,0.3794,89,77.2,5.5,2.1
4-Dec,99,40.5,328.9,146850,38738,2079,1168.94,7478,-1.177744444,2.26,85.2,0.3224,89,77.3,5.4,2
5-Jan,99.9,40.6,328.6,148481,39519,2082,1199.21,7496,-0.955512079,2.07,90.9,0.8695,90,76.9,5.4,2
5-Feb,100.4,40.7,340.3,149204,40281,2139,1181.41,7493.6,-0.720251276,1.94,85.7,0.7001,89.6,77.6,5.3,1.9
5-Mar,100.9,40.6,311.7,148966,40070,2114,1199.63,7482.8,-1.307770359,1.67,84.4,0.5312,89.8,77.8,5.4,2
5-Apr,100.4,40.4,332.5,145119,39262,2062,1194.9,7471.8,-1.189771155,1.87,82.8,0.3709,89.8,78.1,5.2,1.9
5-May,101,40.4,320.4,149979,40234,2150,1164.62,7468.3,-0.15652273,1.55,77,-0.0193,90.1,78.3,5.2,1.8
5-Jun,100.8,40.4,327.1,149095,39410,2085,1178.28,7484.7,-0.590674251,1.14,75.3,0.065,90.3,78.6,5.1,1.8
5-Jul,101.6,40.4,322.9,152107,40735,2178,1202.26,7518,-1.079151751,0.96,85,0.3906,90.6,78.7,5,1.6
5-Aug,101.6,40.5,324,147740,39701,2203,1222.24,7522.8,-1.265419908,0.92,85.5,0.32,90.7,79,5,1.6
5-Sep,102.2,40.5,315.7,152076,41593,2219,1224.27,7530.3,-0.533938164,0.76,76.9,0.1313,90.9,79.2,4.9,1.7
5-Oct,101.5,40.7,397.2,153172,40154,2263,1225.91,7497.5,-0.483904833,0.58,63.3,-1.4517,90.5,79.4,5,1.7
5-Nov,102,41,344.3,152891,41151,2170,1191.96,7524.8,0.274469141,0.68,63.2,-1.3729,90.9,79.8,5,1.7
5-Dec,102.5,40.9,316.1,153049,41696,2218,1237.37,7559.7,-0.358260248,0.54,69.6,-0.33,91.5,80,5,1.7
6-Jan,102.6,40.8,315.1,153263,42256,2120,1262.07,7590.1,0.078256337,0.31,80.2,0.2385,91.8,80.1,4.9,1.6
6-Feb,103.3,41,295.6,154230,42934,2212,1278.72,7601.5,-0.826158041,0.13,78.9,0.0997,92.1,80.8,4.7,1.5
6-Mar,103.3,41.1,294.3,154088,42871,2141,1276.65,7625.2,-0.567098292,0.08,74.5,-0.1954,92.4,80.8,4.8,1.7
6-Apr,103.5,41.1,299,154537,44495,2118,1293.74,7628.7,-0.771966853,0.13,76,-0.0411,92.6,81,4.7,1.6
6-May,103,41.3,306.6,150850,43160,1998,1302.18,7638,-0.379098585,0.2,73.4,-0.1645,92.6,81.2,4.7,1.6
6-Jun,102.4,41.2,332.6,150905,43666,1905,1290,7626.6,0.124352134,0.17,68.2,-0.616,92.7,81.4,4.6,1.5
6-Jul,102.3,41.2,307.7,151204,43237,1867,1253.12,7650.8,0.4645309,0.12,72,-0.3911,92.8,81.7,4.6,1.4
6-Aug,101.8,41.4,319.6,146873,43663,1763,1260.24,7670.1,-0.101212271,-0.15,72.5,-0.365,92.8,81.7,4.7,1.5
6-Sep,101.5,41.2,313.6,148167,43765,1722,1278.72,7680.1,-0.118563125,-0.37,68,-0.7434,92.9,81.8,4.7,1.5
6-Oct,101.4,41.1,316.5,147023,45411,1655,1317.81,7731,-0.573848158,-0.53,78.2,-0.0685,93.1,81.9,4.5,1.5
6-Nov,101.3,41.2,315.6,146894,45263,1570,1363.38,7804.6,-0.145436351,-0.52,84.8,0.3214,93.2,82.2,4.4,1.4
6-Dec,101,41,328.1,149264,44831,1535,1388.63,7840.6,-0.662522205,-0.65,83.2,0.3191,93.4,82.5,4.5,1.4
7-Jan,101.4,41.1,323.2,153052,44461,1638,1416.42,7860.1,0.017004157,-0.68,81.2,0.3074,93.9,82.8,4.4,1.4
7-Feb,101.1,41,317.6,150511,43119,1626,1424.16,7874.4,-0.959939079,-0.49,87.6,0.4999,93.8,82.9,4.6,1.4
7-Mar,101,40.9,325.1,150248,42795,1598,1444.79,7867,-1.375567175,-0.54,81.5,0.2371,94.1,82.9,4.5,1.4
7-Apr,101.5,41.3,306.8,151627,44950,1596,1406.95,7876.4,-0.42833408,-0.7,78.7,-0.2179,94.3,82.8,4.4,1.5
7-May,101.1,41.3,320.4,152084,44456,1470,1463.65,7939.4,-0.49001483,-0.56,75.9,-0.4017,94.5,83,4.5,1.5
7-Jun,101.2,41.2,307.5,152195,43425,1493,1511.15,7932.2,-0.073050297,-0.5,77.6,-0.1682,94.6,83.3,4.4,1.5
7-Jul,100.9,41.4,315.6,151434,43402,1407,1514.49,7951.9,0.499523859,-0.15,74.7,-0.2228,94.6,83.7,4.6,1.5
7-Aug,100.7,41.3,313.2,151417,43441,1361,1520.7,7972.2,0.284910154,-0.26,81.5,0.1717,94.5,83.8,4.7,1.5
7-Sep,100.1,41.3,319.9,154320,44190,1321,1454.62,8050.5,3.350846115,-0.35,73.7,-0.3693,94.6,84,4.6,1.5
7-Oct,99.5,41.3,313.3,150530,43396,1261,1497.12,8040.4,3.268985148,-0.42,74.1,-0.567,94.8,84.4,4.7,1.5
7-Nov,98.9,41.2,328.5,151924,43339,1192,1539.66,8032.4,2.113342864,-0.23,70.1,-0.9109,94.8,84.4,4.7,1.5
7-Dec,98,41.3,340.4,150811,43452,1224,1463.39,8017.7,4.30038003,-0.34,66.2,-1.3019,94.8,84.6,4.7,1.5
8-Jan,97,41.1,349.4,151405,45211,1149,1479.23,8031.9,5.303750923,-0.14,65.6,-1.1217,94.8,85,5,1.6
8-Feb,95.9,41.1,339.7,149916,45190,1094,1378.76,8046.9,3.006502862,-0.2,68.1,-1.4491,94.9,85,5,1.6
8-Mar,94.9,41.2,345.4,148112,43928,1014,1354.87,8120.8,2.795946788,0.76,62.4,-2.1234,94.7,85.3,4.9,1.6
8-Apr,93.5,41.3,368,145961,43761,967,1316.94,8166.2,5.390607766,0.9,60.1,-2.517,94.5,85.6,5.1,1.6
8-May,92.9,41.1,363.4,144583,45565,1008,1370.47,8194.5,5.095294694,1.4,53.3,-2.542,94.3,85.7,5,1.7
8-Jun,92,41,366.1,141578,44889,995,1403.22,8170.5,3.196795725,1.9,51.1,-2.7185,94,85.2,5.4,1.8
8-Jul,91.6,41,383.2,141969,44257,1180,1341.25,8131.2,3.897969354,2.1,49.2,-2.8492,93.7,85.6,5.6,1.9
8-Aug,89.4,40.9,417.1,136593,43861,921,1257.33,8145,4.47563558,2,53.5,-2.7005,93.3,86.4,5.8,2
8-Sep,88.3,40.9,429.5,133765,42809,858,1281.47,8167.7,4.26992784,1.89,57.9,-2.1085,93,86.8,6.1,2.2
8-Oct,86.4,40.5,463.9,130313,41044,797,1217.01,8232.2,6.446068239,1.88,67.2,-1.6013,92,86.9,6.1,2.3
8-Nov,83.5,40.5,477.2,126638,37955,736,968.8,8396.8,12.10698527,2.84,57,-2.6255,91.9,87.1,6.5,2.6
8-Dec,81.2,40.1,527.4,122956,38692,626,883.04,8548,9.34095688,3.14,53.9,-2.4264,91.2,87.6,6.8,2.5
9-Jan,78.7,39.8,563.8,116638,35463,554,877.56,8783.6,7.115326366,2.26,54,-2.479,90.3,87.5,7.3,2.9
9-Feb,77.2,39.7,589.3,112659,31639,545,865.58,8867.8,3.771045771,2.37,57.8,-2.3248,89.1,87.8,7.8,3.1
9-Mar,76,39.6,644,112076,32057,558,805.23,8881,3.236503015,2.65,50.5,-3.0963,88.6,87.3,8.3,3.5
9-Apr,74.7,39.3,659.1,109718,31317,513,757.13,8959.3,2.985906069,2.64,53.5,-2.7395,87.7,86.9,8.7,3.8
9-May,74.9,39.5,615.2,109332,29981,521,848.15,8948.4,2.289286643,2.78,63.1,-1.7933,87.3,86.4,9,4.1
9-Jun,75.2,39.3,614.5,109360,31150,556,902.41,8999,1.205250862,3.11,69.4,-0.748,87.1,85.8,9.4,4.5
9-Jul,75.7,39.6,598,109422,32216,601,926.12,8956.2,1.115152721,3.51,69.2,-1.0573,86.8,85.2,9.5,5.1
9-Aug,76.3,39.9,562.2,111406,32555,595,935.82,8960.6,0.46804427,3.4,63.2,-1.1142,86.9,84.5,9.5,5.1
9-Sep,77,40,560.4,113123,31802,616,1009.72,8934.5,0.176406701,3.43,65,-0.7033,86.9,84.2,9.6,5.1
9-Oct,77.7,40,541.2,112714,33768,609,1044.55,8918.8,-0.176663249,3.25,73.5,-0.3589,86.9,83.8,9.8,5.5
9-Nov,78.1,40.2,523.5,114853,33225,583,1067.66,8912.9,0.329613772,3.27,68.6,-0.7288,86.9,83.6,10,5.6
9-Dec,78.9,40.5,494,115780,33800,623,1088.07,8922.5,0.918634813,3.28,66.5,-0.7629,87.1,83.2,9.9,5.7
10-Jan,79.7,40.6,475.1,115408,34737,664,1110.38,8913.5,-0.348237025,3.47,68.9,-0.3239,87.1,82.9,9.9,5.8
10-Feb,80.2,40.8,485.9,120055,33306,636,1123.58,8856.1,-1.137902635,3.62,70.1,-0.3247,87.2,82.5,9.8,5.8
10-Mar,80.1,40.5,485.8,116824,34069,650,1089.16,8909.5,-1.026936584,3.56,68.4,-0.8691,87.2,82.5,9.8,5.8
10-Apr,81.5,41,470.1,119487,35808,687,1152.05,8895.5,-1.961354238,3.57,67.9,-0.6366,87.6,82.5,9.9,5.9
10-May,81.9,41.1,461.8,120024,33397,637,1197.32,8923.7,-1.834332979,3.65,66.5,-0.4219,88,82.2,9.9,5.9
10-Jun,82.2,41.4,461.5,120638,36394,575,1125.06,8979.1,0.55740117,3.22,68.8,-0.192,88.5,82.2,9.6,5.8
10-Jul,82.2,41,459.4,120923,37908,587,1083.36,9004.1,0.402560693,3.02,69.8,-0.6912,88.6,82.1,9.4,5.8
10-Aug,82.3,41.1,460.6,124137,35817,579,1079.8,9006.4,-0.248081522,2.83,62.3,-1.1038,88.8,82.5,9.4,5.7
10-Sep,82.5,41.2,474.9,124303,37114,580,1087.28,9047,-0.670336043,2.51,62.9,-0.8482,88.9,82.7,9.5,5.5
10-Oct,83,41.5,452,125595,37972,563,1122.08,9071.1,-1.517023353,2.46,60.9,-1.3297,88.9,83.1,9.5,5.5
10-Nov,83,41.2,447.1,123345,36526,558,1171.58,9095.3,-1.522331256,2.35,61.9,-1.0244,89,83,9.4,5.6
10-Dec,83.7,41.3,426.4,125388,38580,560,1198.89,9099.7,-1.223887258,2.57,64.8,-0.7822,89.2,82.9,9.8,5.6
11-Jan,84.7,41.3,416.6,125936,39330,632,1241.53,9112.2,-1.345642517,3.11,67.5,-0.2627,89.5,83.6,9.3,5.6
11-Feb,84.7,41.1,430.3,125760,38497,576,1282.62,9120.1,-1.627628588,3.22,69.3,-0.0953,89.9,83.3,9.1,5.5
11-Mar,85.3,41.4,401.5,123241,37377,542,1321.12,9140.7,-1.758296364,3.42,71.6,0.0579,89.9,83.6,9,5.3
11-Apr,86.2,41.4,401.2,127005,39165,583,1304.49,9149.4,-1.068207963,3.27,57.9,-0.9502,90.1,83.6,9,5.3
11-May,86.2,41.4,427.1,123852,38638,581,1331.51,9174.8,-1.18859632,3.36,61.6,-0.6742,90.1,84,9.1,5.2
11-Jun,86.8,41.5,422.4,124081,40146,618,1338.31,9199.1,-0.701987544,3.08,69.5,-0.6974,90.1,84.3,9,5.3
11-Jul,86.8,41.4,416.9,123771,39782,636,1287.29,9286.5,-0.598020328,2.91,64.7,-0.8878,90.5,84.4,9.1,5.3
11-Aug,87.2,41.4,411.2,125292,40381,621,1325.18,9460.7,-1.25277997,2.93,55.9,-1.2293,90.7,84.5,9,5.3
11-Sep,86.6,41.3,409.4,124188,40314,647,1185.31,9654.6,0.165506365,2.2,47.6,-2.3202,90.9,84.6,9,5.4
11-Oct,86.2,41.3,415.6,123468,40931,610,1173.88,9665.4,0.127620745,1.9,49.4,-2.2334,90.9,84.8,9,5.4
11-Nov,86.8,41.5,401.6,125943,42052,671,1207.22,9696.9,-0.373779829,2.08,51.7,-2.2308,91.2,85.2,8.8,5.1
11-Dec,86.9,41.5,388.2,127504,40407,706,1226.41,9718.4,0.801094011,1.93,54.9,-1.5538,91.2,85.4,8.6,5
12-Jan,87.3,41.6,374.7,129687,42656,697,1243.32,9752,0.872284956,1.91,63.6,-0.836,91.6,85.4,8.5,4.9
12-Feb,87.5,41.8,377.8,128319,41740,712,1300.58,9796.9,-0.215754576,1.89,69.1,-0.7097,92.1,85.7,8.3,4.8
12-Mar,88.1,41.7,365,128945,43168,738,1352.49,9816.7,-0.794284456,1.87,70.3,-0.3777,92.4,85.8,8.3,4.7
12-Apr,88.5,41.6,364.4,128375,42866,806,1389.24,9843.7,-0.856594606,2.04,69.8,-0.5568,92.5,85.9,8.2,4.6
12-May,88.2,41.7,381.8,129598,41704,732,1386.43,9884.7,-0.475860375,1.91,72.3,-0.4886,92.7,86.4,8.2,4.6
12-Jun,88.4,41.6,374.4,128689,42541,796,1341.27,9928.1,0.282820729,1.64,74.3,-0.4281,92.8,86.8,8.2,4.6
12-Jul,88,41.7,379.7,127738,41057,794,1323.48,10003.5,-0.285409076,1.46,67.8,-0.8872,92.8,86.8,8.2,4.7
12-Aug,88.1,41.7,372.5,128275,39975,849,1359.78,10073.2,-0.177617205,1.37,65.6,-0.7596,92.8,87.3,8.2,4.5
12-Sep,87.9,41.5,373.3,127650,38998,840,1403.44,10110.8,-0.822017074,1.55,65.1,-1.0621,92.7,87.6,8.1,4.5
12-Oct,88.3,41.5,384.7,128140,39146,930,1443.42,10161.8,-1.213678322,1.58,73.5,-0.5423,92.9,87.7,7.8,4.4
12-Nov,88.4,41.5,368.4,128370,40594,887,1437.82,10192.8,-0.881453537,1.59,79,-0.2307,93.2,87.9,7.8,4.4
12-Dec,88.3,41.5,403.9,130775,40744,917,1394.51,10257.8,-0.990669486,1.49,77.7,-0.2729,93.8,88,7.7,4.2
13-Jan,88.6,41.7,354.9,127529,40833,941,1422.28,10383.9,-1.073086517,1.56,63.8,-1.1456,94.6,88.2,7.9,4.3
13-Feb,89.1,41.7,352.3,130000,42489,940,1480.4,10390,-1.551369458,1.77,66.6,-1.0787,93.5,89.4,8,4.2
13-Mar,89.4,41.8,347.7,130768,40286,980,1512.31,10349.3,-1.002323161,1.83,70.2,-0.6727,93.6,89.6,7.7,4.2
13-Apr,89.2,41.9,354.7,127976,40151,936,1550.83,10433.8,-1.078307416,1.82,70.8,-0.9578,93.7,89.6,7.5,4.1
13-May,89.7,41.8,346.9,131153,41104,1012,1570.7,10476.6,-0.74618459,1.61,67.8,-0.621,93.8,89.8,7.6,4.1
13-Jun,90,41.8,350.7,131335,41987,1003,1639.84,10505.6,-0.937327413,1.82,75.8,-0.0927,94.2,89.9,7.5,4.1
13-Jul,90.1,41.8,344.4,131966,41971,942,1618.77,10536.7,-0.861266331,2.21,77.8,0.1955,94.2,90.1,7.5,4
13-Aug,90.2,41.7,346.2,129528,40231,997,1668.68,10579,-1.244059862,2.49,76.5,0.112,94.2,90.3,7.3,3.9
13-Sep,90.9,41.9,331.8,131332,40021,964,1670.09,10620.8,-0.776617491,2.66,73.7,-0.003,94.4,90.6,7.2,3.8
13-Oct,91.6,41.9,313.9,132776,40243,1004,1687.17,10667.8,-1.126711397,2.73,67.8,-0.0986,94.7,91.2,7.2,3.8
13-Nov,91.6,41.9,352.1,134007,39328,1044,1720.03,10761.1,-1.218532604,2.53,62.5,-1.2087,94.8,91.5,7.2,3.7
13-Dec,92.5,42,324.8,134118,41247,1029,1783.54,10752.5,-1.383075305,2.64,66.8,-0.863,95.1,91.4,6.9,3.7
14-Jan,92.5,41.9,346.2,130948,40820,1005,1807.78,10792.1,-1.714814304,2.81,72.1,-0.4011,95.2,91.8,6.7,3.6
14-Feb,92.6,41.6,329,129968,40870,976,1822.36,10821.7,-1.291559319,2.79,71.2,-0.313,95.2,92.3,6.6,3.4
14-Mar,93.3,41.6,332.1,134696,40404,1039,1817.03,10897.2,-1.386335165,2.64,72.7,-0.4033,95.7,92.5,6.7,3.5
14-Apr,94.1,42,321.6,134041,41195,1067,1863.52,10916.4,-1.059229649,2.64,70,-0.1995,96.1,92.9,6.7,3.5
14-May,94.1,41.9,326.2,133117,39954,1090,1864.26,10951,-1.005629776,2.62,74.7,-0.0108,96.3,93.2,6.2,3.2
14-Jun,94.7,42.1,310.7,134939,39514,1018,1889.77,10999.6,-1.204531078,2.47,73.7,-0.056,96.5,93.4,6.3,3.1
14-Jul,95.3,42.1,313.4,136013,41772,1010,1947.09,11038.6,-1.660298018,2.5,73.5,-0.106,96.7,93.7,6.1,3
14-Aug,95.9,41.9,300.3,137910,40537,1076,1973.1,11081.8,-0.725890379,2.45,71.8,-0.1835,97,93.7,6.2,3
14-Sep,96,42,303.7,134692,41038,1047,1961.53,11112,-0.666855273,2.33,71.3,-0.0183,97.2,94.1,6.1,2.9
14-Oct,96.7,42.2,294.9,135084,41483,1077,1993.23,11143,-0.762389012,2.44,75.4,-0.0307,97.4,94.3,5.9,2.8
14-Nov,97,42.1,285.4,135489,39293,1094,1937.27,11203.7,-0.684803381,2.21,79.6,0.3231,97.6,94.4,5.7,2.7
14-Dec,97.3,42.2,294.6,133799,38077,1059,2044.57,11250.7,-1.390072946,2.24,79.9,0.1113,98,94.7,5.8,2.7
15-Jan,97.8,42.1,284.7,134613,39368,1070,2054.27,11344.5,-1.12290431,2.09,86.4,0.3496,98.2,94.9,5.6,2.6
15-Feb,97.9,42,286,133812,38722,1048,2028.18,11460,-0.816384843,1.77,91,0.8622,98.4,95.4,5.7,2.6
15-Mar,98,42,301.3,131406,38187,1127,2082.2,11558.7,-1.01893324,1.87,88,0.4731,98.4,95.8,5.5,2.5
15-Apr,98.3,41.9,284,134829,38269,1078,2079.99,11553,-0.761717367,1.93,85.3,0.4794,98.4,96.1,5.4,2.4
15-May,98.7,41.8,282.3,134028,38105,1161,2094.86,11589.5,-0.885940444,1.82,88.8,0.4383,98.6,96.2,5.4,2.3
15-Jun,99.1,41.8,275.5,133805,36997,1275,2111.94,11593.2,-0.306001054,2.08,84.2,0.0664,98.7,96.5,5.6,2.4
15-Jul,99.6,41.8,274,134582,37759,1378,2099.28,11614.1,-0.501166088,2.23,87.8,0.4906,98.8,97.1,5.3,2.3
15-Aug,99.3,41.8,272.3,135037,37584,1139,2094.14,11654.3,-0.257942575,2.19,84.1,0.1496,99,97.5,5.2,2.2
15-Sep,99.3,41.8,276.4,134784,37562,1165,2039.87,11702.9,-0.192285492,2.03,83.4,0.272,99.1,97.6,5.1,2.2
15-Oct,99.3,41.7,268.2,137268,37477,1143,1944.4,11773,-0.289949094,2.03,78.2,0.0282,99.3,98.2,5,2.1
15-Nov,99.6,41.8,267,134545,37555,1158,2024.81,11804.8,-0.794592772,1.95,82.1,0.0464,99.3,98.4,5,2.1
15-Dec,99.9,41.8,268.3,134685,36950,1245,2080.62,11883,-0.781983935,2.14,82.9,-0.0169,99.2,98.8,5.1,2.1
16-Jan,99.8,41.8,269.3,137384,35863,1209,2054.08,11945.9,-0.07859255,2,82.7,-0.1678,99.3,98.2,5,2.1
16-Feb,99.3,41.9,280.8,134700,36181,1167,1918.6,12058.5,0.423664462,1.75,82.7,0.0045,99.5,98.4,4.9,2
16-Mar,99.3,41.9,267.3,134732,35966,1186,1904.42,12140.1,0.270928345,1.4,81.9,-0.348,99.5,98.7,4.9,2.1
16-Apr,99.4,41.8,268,134002,35459,1119,2021.95,12181.9,-0.410001073,1.53,81.5,-0.0836,99.6,99.2,5,2.1
16-May,99.7,41.8,263.6,134081,35602,1155,2075.54,12227.1,-0.33931123,1.44,77.6,-0.3624,99.6,99.6,5,2.1
16-Jun,99.5,41.8,275,132614,34824,1198,2065.55,12273.6,-0.080968308,1.44,84.9,-0.1409,99.5,100,4.8,1.9
16-Jul,99.8,41.8,263.1,132823,34843,1204,2083.89,12313.9,-0.303831849,1.26,82.4,-0.0526,99.8,99.9,4.9,2
16-Aug,100.2,42,262,133121,35046,1193,2148.9,12362.8,-0.83981098,1.11,77.8,-0.4443,100,100.1,4.8,2
16-Sep,100.2,41.8,264.3,132789,36021,1203,2177.48,12425.5,-0.256364504,1.16,78.7,-0.1403,100.1,100.3,4.9,1.9
16-Oct,100.5,41.9,249.6,132551,34823,1282,2157.69,12467.8,-0.320607256,1.23,82.7,0.0056,100.4,100.6,5,1.9
16-Nov,100.4,41.9,259.2,132410,34860,1271,2143.02,12506.1,0.421263666,1.36,76.8,-0.3519,100.5,100.8,4.9,2
16-Dec,100.6,41.8,248,132746,34790,1236,2164.99,12567.5,-0.329564051,1.73,85.2,0.1453,100.6,101.1,4.7,1.9
17-Jan,101,41.9,250.9,132063,34769,1251,2246.63,12569.8,0.087960535,1.95,89.5,0.7783,101,101.4,4.7,1.9
17-Feb,101.8,41.9,246.5,132839,36001,1313,2275.12,12596.2,-0.017714288,1.78,90.3,0.5898,101.1,101.6,4.7,1.9
17-Mar,102.1,41.9,242,132939,36053,1239,2329.91,12645.7,0.188865746,1.76,86.5,0.4878,101.2,101.7,4.6,1.8
17-Apr,102.4,41.8,247.7,132929,36073,1292,2366.82,12727.5,-0.017620081,1.69,86.5,0.8239,101.5,101.8,4.4,1.7
17-May,102.7,41.9,243.5,131801,36161,1255,2359.31,12760.1,-0.455434867,1.4,87,0.5556,101.7,102.1,4.4,1.7
17-Jun,103.1,41.9,239.8,132786,36033,1209,2395.35,12812.1,-0.714555983,1.39,87.7,0.5396,101.9,102.2,4.4,1.8
17-Jul,103.6,42,241.5,131346,35550,1326,2433.99,12822.3,-0.841381302,1.15,83.8,0.3423,102,102.3,4.3,1.6
17-Aug,103.8,42,244.1,130796,36020,1265,2454.1,12873.6,-0.557742883,1.17,80.5,0.6011,102.2,102.6,4.3,1.7
17-Sep,104.2,42,253.8,132006,36063,1309,2456.22,12894.9,-0.123197494,1.05,87.7,0.6857,102.3,102.9,4.4,1.7
17-Oct,104.5,41.9,262.9,131700,37323,1257,2492.84,12887.8,-0.412083037,1.05,84.4,0.4129,102.4,102.9,4.2,1.7
17-Nov,105.7,42,237.1,133110,37289,1339,2557,12916.9,-0.868869464,1.21,90.5,0.9494,102.9,102.9,4.1,1.5
17-Dec,106.1,42,239,133778,36915,1299,2593.61,12917.2,-1.447048829,1.19,88.9,1.013,103.3,103,4.2,1.6
18-Jan,106.8,41.8,238.2,135957,37082,1312,2664.34,12937.5,-1.091736423,1.1,84.3,0.6601,103.6,103.4,4.1,1.5
18-Feb,107.4,41.8,234.3,133280,36709,1365,2789.8,12916.8,-0.714356204,1.17,86.3,0.6197,103.6,103.9,4.1,1.5
18-Mar,108.2,42.2,221.3,134085,36554,1332,2705.16,12920.2,0.278382072,1.44,90,0.8353,103.8,104,4.1,1.4
18-Apr,108.6,42.2,225.8,134965,36753,1415,2702.77,12962.7,0.393635497,1.33,88.8,0.6327,104,104.1,4,1.4
18-May,109,42.4,221.9,135130,37471,1387,2653.63,12969.2,-0.093914576,1.18,88.4,0.5538,104.2,104.5,4,1.4
18-Jun,109,42,223.9,134122,37311,1330,2701.49,13001.3,-1.025703488,1.28,89.1,0.8898,104.3,105,3.8,1.4
18-Jul,109.7,42.1,221.7,135030,38129,1317,2754.35,13041.1,-0.648619582,1.09,86.3,0.5595,104.6,105,4,1.4
18-Aug,110.3,42.2,216.5,134886,39398,1331,2793.64,13058.8,-0.682226403,0.98,87.3,0.5403,104.8,104.9,3.8,1.5
18-Sep,110.7,42.2,213,134998,37707,1258,2857.82,13089.1,-0.880336583,0.98,87.1,0.6641,105.2,105.1,3.8,1.4
18-Oct,111.3,42.1,213.1,137249,37670,1290,2901.5,13094.4,-1.101162111,1.05,90.5,0.9379,105.2,105.3,3.7,1.4
18-Nov,111.2,42,215.5,135185,37947,1267,2785.46,13082.1,-0.942774033,0.96,89.3,1.0531,105.3,105.8,3.8,1.4
18-Dec,111.3,42,226,134628,36680,1319,2723.23,13082,-0.898452466,0.92,88.1,0.7017,105.6,106.1,3.7,1.3
19-Jan,111.1,42,216.4,135265,37101,1334,2567.31,13171.8,-0.046995138,0.56,87,0.3376,105.9,106.4,3.9,1.4
19-Feb,111.1,42,222.9,134600,37672,1316,2607.39,13258.3,-0.5307662,0.31,79.9,-0.4956,106.1,106.9,4,1.3
19-Mar,111.3,41.7,222.5,135435,37268,1305,2754.86,13269.6,-0.90388028,0.28,84.4,0.3576,106.1,107.2,3.8,1.4
19-Apr,111.5,41.7,217,135527,38110,1327,2803.98,13282.9,-0.890150905,0.16,88.8,0.4536,106.3,107.4,3.8,1.4
19-May,111.6,41.6,215.6,134158,37361,1330,2903.8,13282.4,-1.657604919,0.11,87.4,0.4952,106.1,107.5,3.6,1.3
19-Jun,111.6,41.5,217,134519,36710,1338,2854.71,13356.1,-1.318012258,0.01,93.5,0.8711,106.2,107.5,3.6,1.3
19-Jul,111.6,41.6,221.6,137003,37473,1273,2890.17,13457.2,-1.727789669,-0.31,89.3,0.2784,106.4,107.9,3.7,1.3
19-Aug,112,41.5,213.6,136778,37288,1366,2996.11,13505.8,-1.560635022,-0.34,90.5,0.8556,106.4,108.6,3.7,1.3
19-Sep,111.8,41.5,216.7,137413,37065,1471,2897.5,13561.5,-0.588489119,-0.5,79.9,0.2796,106.8,108.1,3.7,1.3
19-Oct,111.6,41.5,213.2,137809,36970,1437,2982.16,13636.5,-0.813843591,-0.34,83.4,0.0524,106.9,108.2,3.5,1.3
19-Nov,111.4,41.4,214.9,135318,37094,1503,2977.68,13725.6,-0.298170818,-0.12,84.2,0.1095,106.8,108.5,3.6,1.3
19-Dec,111.6,41.4,215.9,136712,37385,1510,3104.9,13806.9,-0.858937988,0.26,87.3,0.2582,107.2,108.7,3.5,1.3
20-Jan,111.4,41.4,225.9,137602,37213,1457,3176.75,13821.3,-1.178076429,0.31,88.9,0.5736,107.2,108.7,3.5,1.2
20-Feb,112,41.3,209.9,137077,37499,1536,3278.2,13886.1,-1.307316788,0.21,90.5,0.5977,107.4,108.6,3.6,1.2
20-Mar,111.8,41.6,214,135869,37208,1438,3277.31,13914.4,-1.265443805,-0.08,92.1,0.9476,107.7,109,3.5,1.2
20-Apr,103.5,41.3,2666.7,129334,36714,1356,2652.39,14442.1,2.207793123,0.22,79.7,-0.6947,105.4,111.2,4.4,1.2
20-May,96.9,38.4,4180.7,109714,34245,1066,2761.98,15454.4,2.600403214,0.61,70.1,-0.8238,93,115.5,14.7,1.1
20-Jun,99.8,39.4,2288.3,115667,34763,1216,2919.62,16197.9,1.970271414,0.62,65.9,-0.5757,95.3,112.8,13.3,1.4
20-Jul,102.9,39.9,1499.2,129704,36249,1258,3104.66,16384.8,1.45040651,0.65,72.3,-0.1632,99.1,109,11.1,2.1
20-Aug,105,40.7,1339,137059,37115,1483,3207.62,16482.7,0.782705201,0.53,65.9,-0.8004,100.9,107.6,10.2,5
20-Sep,106.7,41.1,992.4,135510,37964,1476,3391.71,16504.9,-0.16754846,0.55,68.5,-0.7901,101.9,107.4,8.4,5.1
20-Oct,107.5,41.1,838.6,134576,38615,1545,3365.52,16697.4,-0.32292103,0.59,75.6,-0.0222,102.4,107,7.9,4.6
20-Nov,108.4,41.3,788.5,135215,38989,1544,3418.7,16844,-0.612533661,0.7,79.2,0.0469,103,107.3,6.9,3.8
